1,Sprouts,878 Eastlake Pkwy,['Window Cleaning'],2023-02-15,85.0,44.0,Roberto Isais
1,Sprouts,878 Eastlake Pkwy,['Window Cleaning'],2022-12-21,85.0,42.0,Roberto Isais
1,Sprouts,878 Eastlake Pkwy,['Window Cleaning'],2021-04-14,85.0,41.0,Roberto Isais
1,Sprouts,878 Eastlake Pkwy,['Window Cleaning'],2020-02-19,85.0,50.0,Roberto Isais
1,Sprouts,878 Eastlake Pkwy,['Window Cleaning'],2018-12-26,85.0,35.0,Roberto Isais
5,Trader Joes #120,878 Eastlake Pkwy,['Window Cleaning'],2023-02-15,77.0,38.0,Roberto Isais
5,Trader Joes #120,878 Eastlake Pkwy,['Window Cleaning'],2022-12-21,77.0,27.0,Roberto Isais
5,Trader Joes #120,878 Eastlake Pkwy,['Window Cleaning'],2021-04-14,77.0,41.0,Roberto Isais
5,Trader Joes #120,878 Eastlake Pkwy,['Window Cleaning'],2020-02-19,77.0,40.0,Roberto Isais
5,Trader Joes #120,878 Eastlake Pkwy,['Window Cleaning'],2019-01-12,77.0,40.0,Roberto Isais
5,Trader Joes #120,878 Eastlake Pkwy,['Window Cleaning'],2018-12-26,77.0,30.0,Roberto Isais
14,Trader Joes # 223,13480 Highlands Place,['Window Cleaning'],2023-02-01,70.0,45.0,Roberto Isais
14,Trader Joes # 223,13480 Highlands Place,['Window Cleaning'],2022-12-20,70.0,29.0,Isais
14,Trader Joes # 223,13480 Highlands Place,['Window Cleaning'],2019-09-17,70.0,32.0,Roberto Isais
15,Harsey & Harsey,4090 Morena Blvd,['Interior/Exterior Window Cleaning'],2023-01-26,35.0,17.0,Isais
15,Harsey & Harsey,4090 Morena Blvd,['Exterior Window Cleaning'],2022-12-27,17.0,17.0,Isais
15,Harsey & Harsey,4090 Morena Blvd,['Interior/Exterior Window Cleaning'],2022-12-01,35.0,17.0,Roberto Isais
15,Harsey & Harsey,4090 Morena Blvd,['Exterior Window Cleaning'],2022-11-03,17.0,17.0,Isais
15,Harsey & Harsey,4090 Morena Blvd,['Exterior Window Cleaning'],2022-09-07,18.0,17.0,Roberto Isais
15,Harsey & Harsey,4090 Morena Blvd,['Exterior Window Cleaning'],2022-06-15,17.0,17.0,Roberto Isais
15,Harsey & Harsey,4090 Morena Blvd,['Interior/Exterior Window Cleaning'],2022-05-19,35.0,17.0,Roberto Isais
15,Harsey & Harsey,4090 Morena Blvd,['Interior/Exterior Window Cleaning'],2022-04-20,35.0,17.0,Roberto Isais
15,Harsey & Harsey,4090 Morena Blvd,['Exterior Window Cleaning'],2022-03-23,17.0,17.0,Roberto Isais
15,Harsey & Harsey,4090 Morena Blvd,['Interior/Exterior Window Cleaning'],2022-01-28,35.0,17.0,Roberto Isais
15,Harsey & Harsey,4090 Morena Blvd,['Exterior Window Cleaning'],2021-12-27,20.0,17.0,Roberto Isais
15,Harsey & Harsey,4090 Morena Blvd,['Exterior Window Cleaning'],2021-12-01,17.0,17.0,Roberto Isais
25,C and D Cycles,4927 Convoy St,['Exterior Window Cleaning'],2023-02-08,25.0,13.0,Roberto Isais
25,C and D Cycles,4927 Convoy St,['Exterior Window Cleaning'],2023-01-12,25.0,15.0,Roberto Isais
25,C and D Cycles,4927 Convoy St,['Exterior Window Cleaning'],2022-12-14,25.0,15.0,Isais
25,C and D Cycles,4927 Convoy St,['Exterior Window Cleaning'],2022-11-15,25.0,15.0,Isais
25,C and D Cycles,4927 Convoy St,['Exterior Window Cleaning'],2022-10-18,25.0,15.0,Isais
25,C and D Cycles,4927 Convoy St,['Exterior Window Cleaning'],2022-09-21,25.0,15.0,Roberto Isais
25,C and D Cycles,4927 Convoy St,['Exterior Window Cleaning'],2022-08-25,25.0,15.0,Isais
25,C and D Cycles,4927 Convoy St,['Exterior Window Cleaning'],2022-07-28,25.0,15.0,Isais
25,C and D Cycles,4927 Convoy St,['Exterior Window Cleaning'],2022-06-27,25.0,15.0,Roberto Isais
25,C and D Cycles,4927 Convoy St,['Exterior Window Cleaning'],2022-02-08,25.0,15.0,Roberto Isais
25,C and D Cycles,4927 Convoy St,['Exterior Window Cleaning'],2022-01-11,25.0,15.0,Roberto Isais
25,C and D Cycles,4927 Convoy St,['Exterior Window Cleaning'],2021-12-14,25.0,15.0,Roberto Isais
26,Bergen And Brasier,5710 Kearny Villa Rd,['Interior/Exterior Window Cleaning'],2023-02-08,48.0,48.0,Roberto Isais
26,Bergen And Brasier,5710 Kearny Villa Rd,['Interior/Exterior Window Cleaning'],2022-12-14,48.0,24.0,Isais
26,Bergen And Brasier,5710 Kearny Villa Rd,['Interior/Exterior Window Cleaning'],2021-11-17,48.0,20.0,Roberto Isais
26,Bergen And Brasier,5710 Kearny Villa Rd,['Interior/Exterior Window Cleaning'],2021-04-09,48.0,23.0,Roberto Isais
26,Bergen And Brasier,5710 Kearny Villa Rd,['Interior/Exterior Window Cleaning'],2019-02-15,48.0,30.0,Roberto Isais
26,Bergen And Brasier,5710 Kearny Villa Rd,['Interior/Exterior Window Cleaning'],2018-07-06,48.0,31.0,Roberto Isais
27,Champagne Spas,5710 Kearny Villa Rd,['Exterior Window Cleaning'],2023-02-08,30.0,12.0,Roberto Isais
27,Champagne Spas,5710 Kearny Villa Rd,['Exterior Window Cleaning'],2023-01-12,30.0,20.0,Roberto Isais
27,Champagne Spas,5710 Kearny Villa Rd,['Exterior Window Cleaning'],2022-12-14,30.0,18.0,Isais
27,Champagne Spas,5710 Kearny Villa Rd,"['Exterior Window Cleaning', 'Interior Only Window Cleaning']",2022-11-15,55.0,12.0,Isais
27,Champagne Spas,5710 Kearny Villa Rd,['Exterior Window Cleaning'],2022-10-18,30.0,12.0,Isais
27,Champagne Spas,5710 Kearny Villa Rd,['Exterior Window Cleaning'],2022-09-21,30.0,12.0,Roberto Isais
27,Champagne Spas,5710 Kearny Villa Rd,"['Interior Only Window Cleaning', 'Exterior Window Cleaning']",2022-08-25,55.0,12.0,Isais
27,Champagne Spas,5710 Kearny Villa Rd,['Exterior Window Cleaning'],2022-07-28,30.0,12.0,Isais
27,Champagne Spas,5710 Kearny Villa Rd,['Exterior Window Cleaning'],2022-06-27,30.0,12.0,Roberto Isais
27,Champagne Spas,5710 Kearny Villa Rd,['Exterior Window Cleaning'],2022-02-08,30.0,12.0,Roberto Isais
27,Champagne Spas,5710 Kearny Villa Rd,['Exterior Window Cleaning'],2022-01-11,30.0,12.0,Roberto Isais
27,Champagne Spas,5710 Kearny Villa Rd,"['Exterior Window Cleaning', 'Interior Only Window Cleaning']",2021-12-14,55.0,12.0,Roberto Isais
30,G.T.M. Discount #2,7663 Broadway,['Exterior Window Cleaning'],2023-01-24,45.0,20.0,Isais
30,G.T.M. Discount #2,7663 Broadway,['Exterior Window Cleaning'],2022-12-30,45.0,20.0,Isais
30,G.T.M. Discount #2,7663 Broadway,['Exterior Window Cleaning'],2022-11-28,45.0,20.0,Roberto Isais
30,G.T.M. Discount #2,7663 Broadway,['Exterior Window Cleaning'],2022-11-01,45.0,20.0,Isais
30,G.T.M. Discount #2,7663 Broadway,['Exterior Window Cleaning'],2022-09-05,45.0,20.0,Roberto Isais
30,G.T.M. Discount #2,7663 Broadway,['Exterior Window Cleaning'],2022-08-12,45.0,20.0,Isais
30,G.T.M. Discount #2,7663 Broadway,['Exterior Window Cleaning'],2022-05-19,45.0,20.0,Roberto Isais
30,G.T.M. Discount #2,7663 Broadway,['Exterior Window Cleaning'],2022-04-19,45.0,20.0,Roberto Isais
30,G.T.M. Discount #2,7663 Broadway,['Exterior Window Cleaning'],2022-03-22,45.0,20.0,Roberto Isais
30,G.T.M. Discount #2,7663 Broadway,['Exterior Window Cleaning'],2022-01-24,45.0,20.0,Roberto Isais
30,G.T.M. Discount #2,7663 Broadway,['Exterior Window Cleaning'],2021-12-28,45.0,20.0,Roberto Isais
30,G.T.M. Discount #2,7663 Broadway,['Exterior Window Cleaning'],2021-12-02,45.0,20.0,Roberto Isais
37,Dell Enterprises,7949 Broadway,['Interior/Exterior Window Cleaning'],2023-02-13,13.0,16.0,Roberto Isais
37,Dell Enterprises,7949 Broadway,['Interior/Exterior Window Cleaning'],2023-01-16,13.0,12.0,Roberto Isais
37,Dell Enterprises,7949 Broadway,['Interior/Exterior Window Cleaning'],2022-11-22,13.0,12.0,Isais
37,Dell Enterprises,7949 Broadway,['Interior/Exterior Window Cleaning'],2022-09-26,13.0,12.0,Roberto Isais
37,Dell Enterprises,7949 Broadway,['Interior/Exterior Window Cleaning'],2022-09-01,13.0,12.0,Isais
37,Dell Enterprises,7949 Broadway,['Interior/Exterior Window Cleaning'],2022-08-03,13.0,12.0,Roberto Isais
37,Dell Enterprises,7949 Broadway,['Interior/Exterior Window Cleaning'],2022-07-05,13.0,12.0,Roberto Isais
37,Dell Enterprises,7949 Broadway,['Interior/Exterior Window Cleaning'],2022-06-06,13.0,12.0,Roberto Isais
37,Dell Enterprises,7949 Broadway,['Interior/Exterior Window Cleaning'],2022-05-09,13.0,12.0,Roberto Isais
37,Dell Enterprises,7949 Broadway,['Interior/Exterior Window Cleaning'],2022-02-16,13.0,12.0,Roberto Isais
37,Dell Enterprises,7949 Broadway,['Interior/Exterior Window Cleaning'],2022-01-17,13.0,12.0,Roberto Isais
37,Dell Enterprises,7949 Broadway,['Interior/Exterior Window Cleaning'],2021-12-20,13.0,12.0,Roberto Isais
42,La Mesa Glass,8710 Railroad Avenue,['Exterior Window Cleaning'],2021-04-13,80.0,42.0,Roberto Isais
42,La Mesa Glass,8710 Railroad Avenue,['Window Cleaning'],2020-02-13,85.0,60.0,Roberto Isais
42,La Mesa Glass,8710 Railroad Avenue,['Window Cleaning'],2019-02-11,85.0,60.0,Roberto Isais
42,La Mesa Glass,8710 Railroad Avenue,['Window Cleaning'],2018-12-17,85.0,60.0,Roberto Isais
42,La Mesa Glass,8710 Railroad Avenue,['Window Cleaning'],2018-07-30,85.0,60.0,Roberto Isais
46,Trader Joes # 26,1190 University Ave,['Interior/Exterior Window Cleaning'],2023-02-16,200.0,50.0,Isais
46,Trader Joes # 26,1190 University Ave,['Interior/Exterior Window Cleaning'],2023-02-02,200.0,52.0,Isais
46,Trader Joes # 26,1190 University Ave,['Interior/Exterior Window Cleaning'],2022-12-08,200.0,51.0,Isais
46,Trader Joes # 26,1190 University Ave,['Interior/Exterior Window Cleaning'],2021-04-29,200.0,72.0,Roberto Isais
46,Trader Joes # 26,1190 University Ave,['Interior/Exterior Window Cleaning'],2021-04-15,200.0,75.0,Roberto Isais
46,Trader Joes # 26,1190 University Ave,['Interior/Exterior Window Cleaning'],2020-02-17,200.0,80.0,Roberto Isais
46,Trader Joes # 26,1190 University Ave,['Interior/Exterior Window Cleaning'],2019-08-28,200.0,100.0,Roberto Isais
46,Trader Joes # 26,1190 University Ave,['Interior/Exterior Window Cleaning'],2019-01-16,200.0,60.0,Roberto Isais
46,Trader Joes # 26,1190 University Ave,['Interior/Exterior Window Cleaning'],2018-12-20,200.0,70.0,Roberto Isais
47,G.T.M Discount #1,8967 Carlton Hills Blvd,['Exterior Window Cleaning'],2023-02-20,70.0,33.0,Roberto Isais
47,G.T.M Discount #1,8967 Carlton Hills Blvd,['Interior/Exterior Window Cleaning'],2023-01-24,170.0,56.0,Isais
47,G.T.M Discount #1,8967 Carlton Hills Blvd,['Exterior Window Cleaning'],2022-12-30,70.0,33.0,Isais
47,G.T.M Discount #1,8967 Carlton Hills Blvd,['Exterior Window Cleaning'],2022-11-28,70.0,33.0,Roberto Isais
47,G.T.M Discount #1,8967 Carlton Hills Blvd,['Exterior Window Cleaning'],2022-11-01,70.0,33.0,Isais
47,G.T.M Discount #1,8967 Carlton Hills Blvd,['Exterior Window Cleaning'],2022-09-05,70.0,33.0,Roberto Isais
47,G.T.M Discount #1,8967 Carlton Hills Blvd,['Exterior Window Cleaning'],2022-08-12,70.0,33.0,Isais
47,G.T.M Discount #1,8967 Carlton Hills Blvd,['Exterior Window Cleaning'],2022-07-11,70.0,33.0,Roberto Isais
47,G.T.M Discount #1,8967 Carlton Hills Blvd,['Exterior Window Cleaning'],2022-04-19,70.0,33.0,Roberto Isais
47,G.T.M Discount #1,8967 Carlton Hills Blvd,['Exterior Window Cleaning'],2022-03-22,70.0,33.0,Roberto Isais
47,G.T.M Discount #1,8967 Carlton Hills Blvd,['Exterior Window Cleaning'],2022-01-24,70.0,33.0,Roberto Isais
47,G.T.M Discount #1,8967 Carlton Hills Blvd,['Exterior Window Cleaning'],2021-12-28,70.0,33.0,Roberto Isais
53,Trader Joes #24,5495 Grossmont Blvd,['Exterior Window Cleaning'],2023-02-13,43.0,19.0,Roberto Isais
53,Trader Joes #24,5495 Grossmont Blvd,['Exterior Window Cleaning'],2023-01-31,43.0,16.0,Roberto Isais
53,Trader Joes #24,5495 Grossmont Blvd,['Exterior Window Cleaning'],2022-12-19,43.0,12.0,Roberto Isais
53,Trader Joes #24,5495 Grossmont Blvd,['Exterior Window Cleaning'],2021-04-13,43.0,14.0,Roberto Isais
53,Trader Joes #24,5495 Grossmont Blvd,['Exterior Window Cleaning'],2020-02-03,43.0,15.0,Roberto Isais
53,Trader Joes #24,5495 Grossmont Blvd,['Exterior Window Cleaning'],2019-06-13,43.0,100.0,Roberto Isais
53,Trader Joes #24,5495 Grossmont Blvd,['Exterior Window Cleaning'],2019-02-18,43.0,25.0,Roberto Isais
53,Trader Joes #24,5495 Grossmont Blvd,['Exterior Window Cleaning'],2019-01-21,43.0,30.0,Roberto Isais
53,Trader Joes #24,5495 Grossmont Blvd,['Exterior Window Cleaning'],2019-01-07,43.0,25.0,Roberto Isais
53,Trader Joes #24,5495 Grossmont Blvd,['Exterior Window Cleaning'],2018-11-13,43.0,27.0,Roberto Isais
53,Trader Joes #24,5495 Grossmont Blvd,['Exterior Window Cleaning'],2018-07-18,43.0,10.0,Roberto Isais
56,Trader Joes # 222,1072 Camino Del Rio N,['Exterior Window Cleaning'],2023-02-13,45.0,32.0,Roberto Isais
56,Trader Joes # 222,1072 Camino Del Rio N,['Interior/Exterior Window Cleaning'],2023-01-31,95.0,45.0,Roberto Isais
56,Trader Joes # 222,1072 Camino Del Rio N,['Exterior Window Cleaning'],2022-12-19,45.0,25.0,Roberto Isais
56,Trader Joes # 222,1072 Camino Del Rio N,['Exterior Window Cleaning'],2021-04-13,45.0,26.0,Roberto Isais
56,Trader Joes # 222,1072 Camino Del Rio N,['Interior/Exterior Window Cleaning'],2020-03-02,95.0,50.0,Roberto Isais
56,Trader Joes # 222,1072 Camino Del Rio N,['Exterior Window Cleaning'],2020-02-20,45.0,25.0,Roberto Isais
56,Trader Joes # 222,1072 Camino Del Rio N,['Interior/Exterior Window Cleaning'],2020-02-03,95.0,50.0,Roberto Isais
56,Trader Joes # 222,1072 Camino Del Rio N,['Interior/Exterior Window Cleaning'],2019-02-11,95.0,60.0,Roberto Isais
56,Trader Joes # 222,1072 Camino Del Rio N,['Exterior Window Cleaning'],2019-01-04,45.0,20.0,Roberto Isais
59,Outrageous Rugs,7126 Miramar Rd,['Exterior Window Cleaning'],2023-01-27,85.0,50.0,Roberto Isais
59,Outrageous Rugs,7126 Miramar Rd,['Exterior Window Cleaning'],2022-11-02,85.0,50.0,Roberto Isais
59,Outrageous Rugs,7126 Miramar Rd,['Exterior Window Cleaning'],2022-09-08,85.0,50.0,Isais
59,Outrageous Rugs,7126 Miramar Rd,['Exterior Window Cleaning'],2022-08-09,85.0,50.0,Isais
59,Outrageous Rugs,7126 Miramar Rd,['Exterior Window Cleaning'],2022-04-22,85.0,50.0,Roberto Isais
59,Outrageous Rugs,7126 Miramar Rd,['Exterior Window Cleaning'],2022-03-25,85.0,50.0,Roberto Isais
59,Outrageous Rugs,7126 Miramar Rd,['Exterior Window Cleaning'],2021-02-23,85.0,50.0,Roberto Isais
59,Outrageous Rugs,7126 Miramar Rd,['Exterior Window Cleaning'],2020-12-31,85.0,50.0,Roberto Isais
59,Outrageous Rugs,7126 Miramar Rd,['Exterior Window Cleaning'],2020-12-03,85.0,50.0,Roberto Isais
59,Outrageous Rugs,7126 Miramar Rd,['Exterior Window Cleaning'],2020-11-06,85.0,50.0,Roberto Isais
59,Outrageous Rugs,7126 Miramar Rd,['Exterior Window Cleaning'],2020-10-09,85.0,50.0,Roberto Isais
59,Outrageous Rugs,7126 Miramar Rd,['Exterior Window Cleaning'],2020-09-10,85.0,50.0,Roberto Isais
64,Sherwood Mechanical,6630 Top Gun St,['in and out of lobby windows'],2023-01-27,30.0,12.0,Roberto Isais
64,Sherwood Mechanical,6630 Top Gun St,['in and out of lobby windows'],2022-11-02,30.0,12.0,Roberto Isais
64,Sherwood Mechanical,6630 Top Gun St,['in and out of lobby windows'],2022-09-08,30.0,12.0,Isais
64,Sherwood Mechanical,6630 Top Gun St,['in and out of lobby windows'],2022-08-09,30.0,12.0,Isais
64,Sherwood Mechanical,6630 Top Gun St,['in and out of lobby windows'],2022-04-22,30.0,12.0,Roberto Isais
64,Sherwood Mechanical,6630 Top Gun St,['in and out of lobby windows'],2022-03-25,30.0,12.0,Roberto Isais
64,Sherwood Mechanical,6630 Top Gun St,['in and out of lobby windows'],2021-02-23,30.0,12.0,Roberto Isais
64,Sherwood Mechanical,6630 Top Gun St,['in and out of lobby windows'],2020-12-31,30.0,12.0,Roberto Isais
64,Sherwood Mechanical,6630 Top Gun St,['in and out of lobby windows'],2020-12-03,30.0,12.0,Roberto Isais
64,Sherwood Mechanical,6630 Top Gun St,['in and out of lobby windows'],2020-11-06,30.0,12.0,Roberto Isais
64,Sherwood Mechanical,6630 Top Gun St,['in and out of lobby windows'],2020-10-09,30.0,12.0,Roberto Isais
64,Sherwood Mechanical,6630 Top Gun St,['in and out of lobby windows'],2020-09-10,30.0,12.0,Roberto Isais
66,San Diego Shade,7354 Trade St,['Exterior Window Cleaning'],2023-01-27,20.0,12.0,Roberto Isais
66,San Diego Shade,7354 Trade St,['Exterior Window Cleaning'],2022-11-02,20.0,12.0,Roberto Isais
66,San Diego Shade,7354 Trade St,['Exterior Window Cleaning'],2022-09-08,20.0,12.0,Isais
66,San Diego Shade,7354 Trade St,['Exterior Window Cleaning'],2022-08-09,20.0,12.0,Isais
66,San Diego Shade,7354 Trade St,['Exterior Window Cleaning'],2022-04-22,20.0,12.0,Roberto Isais
66,San Diego Shade,7354 Trade St,['Exterior Window Cleaning'],2022-03-25,20.0,12.0,Roberto Isais
66,San Diego Shade,7354 Trade St,['Exterior Window Cleaning'],2021-02-23,20.0,12.0,Roberto Isais
66,San Diego Shade,7354 Trade St,['Exterior Window Cleaning'],2020-12-31,20.0,12.0,Roberto Isais
66,San Diego Shade,7354 Trade St,['Exterior Window Cleaning'],2020-12-03,20.0,12.0,Roberto Isais
66,San Diego Shade,7354 Trade St,['Exterior Window Cleaning'],2020-11-06,20.0,12.0,Roberto Isais
66,San Diego Shade,7354 Trade St,['Exterior Window Cleaning'],2020-10-09,20.0,12.0,Roberto Isais
66,San Diego Shade,7354 Trade St,['Exterior Window Cleaning'],2020-09-10,20.0,12.0,Roberto Isais
67,Trader Joes #188,2401 Truxtun Rd,['Interior/Exterior Window Cleaning'],2023-02-17,140.0,50.0,Roberto Isais
67,Trader Joes #188,2401 Truxtun Rd,['Interior/Exterior Window Cleaning'],2023-02-03,140.0,57.0,Roberto Isais
67,Trader Joes #188,2401 Truxtun Rd,['Interior/Exterior Window Cleaning'],2021-04-16,140.0,79.0,Roberto Isais
67,Trader Joes #188,2401 Truxtun Rd,['Interior/Exterior Window Cleaning'],2019-02-07,140.0,70.0,Roberto Isais
67,Trader Joes #188,2401 Truxtun Rd,['Interior/Exterior Window Cleaning'],2019-01-25,140.0,65.0,Roberto Isais
67,Trader Joes #188,2401 Truxtun Rd,['Interior/Exterior Window Cleaning'],2019-01-11,140.0,70.0,Roberto Isais
67,Trader Joes #188,2401 Truxtun Rd,['Interior/Exterior Window Cleaning'],2018-12-27,140.0,75.0,Roberto Isais
67,Trader Joes #188,2401 Truxtun Rd,['Interior/Exterior Window Cleaning'],2018-07-06,140.0,60.0,Roberto Isais
68,Newen Enterprises,1250 Pacific Oaks Pl,['Interior/Exterior Window Cleaning'],2022-08-26,75.0,60.0,Roberto Isais
68,Newen Enterprises,1250 Pacific Oaks Pl,['Interior/Exterior Window Cleaning'],2022-05-27,75.0,60.0,Roberto Isais
68,Newen Enterprises,1250 Pacific Oaks Pl,['Interior/Exterior Window Cleaning'],2022-03-25,75.0,60.0,Roberto Isais
68,Newen Enterprises,1250 Pacific Oaks Pl,['Interior/Exterior Window Cleaning'],2021-10-29,60.0,60.0,Roberto Isais
68,Newen Enterprises,1250 Pacific Oaks Pl,['Interior/Exterior Window Cleaning'],2021-07-30,60.0,60.0,Roberto Isais
68,Newen Enterprises,1250 Pacific Oaks Pl,['Interior/Exterior Window Cleaning'],2021-02-26,60.0,60.0,Roberto Isais
68,Newen Enterprises,1250 Pacific Oaks Pl,['Interior/Exterior Window Cleaning'],2020-11-20,60.0,60.0,Roberto Isais
68,Newen Enterprises,1250 Pacific Oaks Pl,['Interior/Exterior Window Cleaning'],2020-08-28,60.0,60.0,Roberto Isais
68,Newen Enterprises,1250 Pacific Oaks Pl,['Interior/Exterior Window Cleaning'],2020-07-31,60.0,60.0,Roberto Isais
68,Newen Enterprises,1250 Pacific Oaks Pl,['Interior/Exterior Window Cleaning'],2020-06-26,60.0,60.0,Roberto Isais
68,Newen Enterprises,1250 Pacific Oaks Pl,['Interior/Exterior Window Cleaning'],2020-05-29,60.0,60.0,Roberto Isais
68,Newen Enterprises,1250 Pacific Oaks Pl,['Interior/Exterior Window Cleaning'],2020-02-28,60.0,60.0,Roberto Isais
69,Trader Joes # 20,8657 La Jolla Village Dr,['Exterior Window Cleaning'],2023-02-09,40.0,25.0,Isais
69,Trader Joes # 20,8657 La Jolla Village Dr,['Exterior Window Cleaning'],2022-12-14,40.0,16.0,Isais
69,Trader Joes # 20,8657 La Jolla Village Dr,['Exterior Window Cleaning'],2021-04-09,40.0,21.0,Roberto Isais
69,Trader Joes # 20,8657 La Jolla Village Dr,['Exterior Window Cleaning'],2020-02-12,40.0,20.0,Roberto Isais
70,Trader Joes # 21,1211 Garnet Ave,['Interior/Exterior Window Cleaning'],2023-02-09,145.0,51.0,Isais
70,Trader Joes # 21,1211 Garnet Ave,['Interior/Exterior Window Cleaning'],2022-12-14,145.0,47.0,Isais
70,Trader Joes # 21,1211 Garnet Ave,['Interior/Exterior Window Cleaning'],2021-04-09,145.0,81.0,Roberto Isais
70,Trader Joes # 21,1211 Garnet Ave,['Interior/Exterior Window Cleaning'],2020-02-28,145.0,90.0,Roberto Isais
70,Trader Joes # 21,1211 Garnet Ave,['Interior/Exterior Window Cleaning'],2020-02-12,145.0,70.0,Roberto Isais
73,Sprouts # 2,690 Thrid Ave.,['Interior/Exterior Window Cleaning'],2023-02-15,125.0,43.0,Roberto Isais
73,Sprouts # 2,690 Thrid Ave.,['Interior/Exterior Window Cleaning'],2022-12-21,125.0,41.0,Roberto Isais
73,Sprouts # 2,690 Thrid Ave.,['Interior/Exterior Window Cleaning'],2022-12-08,125.0,28.0,Isais
73,Sprouts # 2,690 Thrid Ave.,['Interior/Exterior Window Cleaning'],2021-04-14,125.0,58.0,Roberto Isais
73,Sprouts # 2,690 Thrid Ave.,['Interior/Exterior Window Cleaning'],2020-02-19,125.0,60.0,Roberto Isais
73,Sprouts # 2,690 Thrid Ave.,['Interior/Exterior Window Cleaning'],2018-12-26,125.0,45.0,Roberto Isais
73,Sprouts # 2,690 Thrid Ave.,['Interior/Exterior Window Cleaning'],2018-07-24,125.0,50.0,Roberto Isais
75,Cumming Chevrolet,2301 National City Blvd,['Exterior Window Cleaning'],2023-01-25,300.0,195.0,Isais
75,Cumming Chevrolet,2301 National City Blvd,['Exterior Window Cleaning'],2022-11-01,300.0,195.0,Isais
75,Cumming Chevrolet,2301 National City Blvd,['Exterior Window Cleaning'],2022-09-06,300.0,195.0,Isais
75,Cumming Chevrolet,2301 National City Blvd,['Exterior Window Cleaning'],2022-07-12,300.0,195.0,Roberto Isais
75,Cumming Chevrolet,2301 National City Blvd,['Exterior Window Cleaning'],2022-06-14,300.0,195.0,Roberto Isais
75,Cumming Chevrolet,2301 National City Blvd,['Exterior Window Cleaning'],2022-04-18,300.0,195.0,Roberto Isais
75,Cumming Chevrolet,2301 National City Blvd,['Exterior Window Cleaning'],2022-03-21,300.0,195.0,Roberto Isais
75,Cumming Chevrolet,2301 National City Blvd,['Exterior Window Cleaning'],2022-01-26,300.0,195.0,Roberto Isais
75,Cumming Chevrolet,2301 National City Blvd,['Exterior Window Cleaning'],2021-12-30,300.0,195.0,Roberto Isais
75,Cumming Chevrolet,2301 National City Blvd,['Exterior Window Cleaning'],2021-10-05,300.0,195.0,Roberto Isais
75,Cumming Chevrolet,2301 National City Blvd,['Exterior Window Cleaning'],2021-07-13,300.0,195.0,Roberto Isais
75,Cumming Chevrolet,2301 National City Blvd,['Exterior Window Cleaning'],2021-06-15,300.0,195.0,Roberto Isais
76,Hyde Edwards,2308 Kettner Blvd,"['Exterior Window Cleaning', 'Interior Only Window Cleaning']",2023-02-16,65.0,14.0,Isais
76,Hyde Edwards,2308 Kettner Blvd,"['Exterior Window Cleaning', 'Interior Only Window Cleaning']",2022-12-21,65.0,29.0,Roberto Isais
76,Hyde Edwards,2308 Kettner Blvd,"['Exterior Window Cleaning', 'Interior Only Window Cleaning']",2022-11-17,65.0,1140.0,Isais
76,Hyde Edwards,2308 Kettner Blvd,"['Exterior Window Cleaning', 'Interior Only Window Cleaning']",2022-09-21,65.0,1140.0,Roberto Isais
76,Hyde Edwards,2308 Kettner Blvd,"['Exterior Window Cleaning', 'Interior Only Window Cleaning']",2022-08-17,65.0,1140.0,Roberto Isais
76,Hyde Edwards,2308 Kettner Blvd,"['Exterior Window Cleaning', 'Interior Only Window Cleaning']",2022-06-15,65.0,1140.0,Roberto Isais
76,Hyde Edwards,2308 Kettner Blvd,"['Exterior Window Cleaning', 'Interior Only Window Cleaning']",2022-05-19,65.0,1140.0,Roberto Isais
76,Hyde Edwards,2308 Kettner Blvd,"['Exterior Window Cleaning', 'Interior Only Window Cleaning']",2022-04-19,65.0,1140.0,Roberto Isais
76,Hyde Edwards,2308 Kettner Blvd,"['Exterior Window Cleaning', 'Interior Only Window Cleaning']",2022-02-14,65.0,1140.0,Roberto Isais
76,Hyde Edwards,2308 Kettner Blvd,"['Exterior Window Cleaning', 'Interior Only Window Cleaning']",2022-01-20,65.0,1140.0,Roberto Isais
76,Hyde Edwards,2308 Kettner Blvd,"['Exterior Window Cleaning', 'Interior Only Window Cleaning']",2021-12-16,65.0,1140.0,Roberto Isais
76,Hyde Edwards,2308 Kettner Blvd,"['Exterior Window Cleaning', 'Interior Only Window Cleaning']",2021-11-15,65.0,25.0,Roberto Isais
78,Edward D. Jones,1111 Fort Stockton Dr,['Exterior Window Cleaning'],2023-02-16,41.0,17.0,Isais
78,Edward D. Jones,1111 Fort Stockton Dr,['Exterior Window Cleaning'],2022-12-21,41.0,13.0,Roberto Isais
78,Edward D. Jones,1111 Fort Stockton Dr,['Exterior Window Cleaning'],2021-11-18,41.0,14.0,Roberto Isais
78,Edward D. Jones,1111 Fort Stockton Dr,['Exterior Window Cleaning'],2020-02-17,41.0,20.0,Roberto Isais
78,Edward D. Jones,1111 Fort Stockton Dr,['Exterior Window Cleaning'],2018-07-18,41.0,25.0,Roberto Isais
81,Compass Real Estate,1625 W Lewis St,['Interior/Exterior Window Cleaning'],2021-11-18,30.0,22.0,Roberto Isais
81,Compass Real Estate,1625 W Lewis St,['Exterior Window Cleaning'],2020-02-17,20.0,15.0,Roberto Isais
82,U.P.S Store,302 Washington St,['Interior/Exterior Window Cleaning'],2023-02-16,22.0,10.0,Isais
82,U.P.S Store,302 Washington St,['Interior/Exterior Window Cleaning'],2022-12-21,22.0,10.0,Roberto Isais
82,U.P.S Store,302 Washington St,['Interior/Exterior Window Cleaning'],2022-11-17,22.0,11.0,Isais
82,U.P.S Store,302 Washington St,['Interior/Exterior Window Cleaning'],2022-10-19,22.0,11.0,Roberto Isais
82,U.P.S Store,302 Washington St,['Interior/Exterior Window Cleaning'],2022-09-22,22.0,11.0,Isais
82,U.P.S Store,302 Washington St,['Interior/Exterior Window Cleaning'],2022-08-17,22.0,11.0,Roberto Isais
82,U.P.S Store,302 Washington St,['Interior/Exterior Window Cleaning'],2022-07-20,22.0,11.0,Roberto Isais
82,U.P.S Store,302 Washington St,['Interior/Exterior Window Cleaning'],2022-04-19,22.0,11.0,Roberto Isais
82,U.P.S Store,302 Washington St,['Interior/Exterior Window Cleaning'],2022-02-14,22.0,11.0,Roberto Isais
82,U.P.S Store,302 Washington St,['Interior/Exterior Window Cleaning'],2022-01-20,22.0,11.0,Roberto Isais
82,U.P.S Store,302 Washington St,['Interior/Exterior Window Cleaning'],2021-12-16,22.0,11.0,Roberto Isais
82,U.P.S Store,302 Washington St,['Interior/Exterior Window Cleaning'],2021-11-18,22.0,12.0,Roberto Isais
93,Lancetown Industries  Inc - Powers Plumbing,1705 W Lewis St,['Interior/Exterior Window Cleaning'],2023-02-16,32.0,33.0,Isais
93,Lancetown Industries  Inc - Powers Plumbing,1705 W Lewis St,['Interior/Exterior Window Cleaning'],2021-11-18,32.0,22.0,Roberto Isais
93,Lancetown Industries  Inc - Powers Plumbing,1705 W Lewis St,['Interior/Exterior Window Cleaning'],2020-02-17,32.0,25.0,Roberto Isais
93,Lancetown Industries  Inc - Powers Plumbing,1705 W Lewis St,['Interior/Exterior Window Cleaning'],2018-07-18,32.0,40.0,Roberto Isais
95,G.T.M Office,Gillespie Way,['Interior Only Window Cleaning'],2022-09-30,500.0,180.0,Isais
95,G.T.M Office,Gillespie Way,['Exterior Window Cleaning'],2021-04-20,70.0,29.0,Roberto Isais
95,G.T.M Office,Gillespie Way,['Exterior Window Cleaning'],2020-02-21,70.0,60.0,Roberto Isais
95,G.T.M Office,Gillespie Way,['Exterior Window Cleaning'],2018-09-10,70.0,25.0,Roberto Isais
97,Bit Company,8085 La Mesa Blvd,['Exterior Window Cleaning'],2023-02-06,35.0,20.0,Roberto Isais
97,Bit Company,8085 La Mesa Blvd,['Exterior Window Cleaning'],2023-01-11,35.0,21.0,Roberto Isais
97,Bit Company,8085 La Mesa Blvd,['Exterior Window Cleaning'],2022-11-16,35.0,21.0,Roberto Isais
97,Bit Company,8085 La Mesa Blvd,['Exterior Window Cleaning'],2022-10-18,35.0,21.0,Isais
97,Bit Company,8085 La Mesa Blvd,['Exterior Window Cleaning'],2022-09-19,35.0,21.0,Roberto Isais
97,Bit Company,8085 La Mesa Blvd,['Exterior Window Cleaning'],2022-08-24,35.0,21.0,Roberto Isais
97,Bit Company,8085 La Mesa Blvd,['Exterior Window Cleaning'],2022-07-28,35.0,21.0,Isais
97,Bit Company,8085 La Mesa Blvd,['Exterior Window Cleaning'],2022-06-27,35.0,21.0,Roberto Isais
97,Bit Company,8085 La Mesa Blvd,['Exterior Window Cleaning'],2022-06-03,35.0,21.0,Roberto Isais
97,Bit Company,8085 La Mesa Blvd,['Exterior Window Cleaning'],2022-02-08,35.0,21.0,Roberto Isais
97,Bit Company,8085 La Mesa Blvd,['Exterior Window Cleaning'],2022-01-10,35.0,21.0,Roberto Isais
97,Bit Company,8085 La Mesa Blvd,['Exterior Window Cleaning'],2021-12-14,35.0,21.0,Roberto Isais
101,Sew Pros #1,393 Broadway,['Exterior Window Cleaning'],2023-02-13,25.0,11.0,Roberto Isais
101,Sew Pros #1,393 Broadway,['Exterior Window Cleaning'],2023-01-31,25.0,11.0,Roberto Isais
101,Sew Pros #1,393 Broadway,['Exterior Window Cleaning'],2023-01-16,25.0,8.0,Roberto Isais
101,Sew Pros #1,393 Broadway,['Exterior Window Cleaning'],2023-01-06,25.0,8.0,Roberto Isais
101,Sew Pros #1,393 Broadway,['Exterior Window Cleaning'],2022-12-19,25.0,14.0,Roberto Isais
101,Sew Pros #1,393 Broadway,['Exterior Window Cleaning'],2022-12-05,25.0,8.0,Roberto Isais
101,Sew Pros #1,393 Broadway,['Exterior Window Cleaning'],2022-11-22,25.0,8.0,Isais
101,Sew Pros #1,393 Broadway,['Exterior Window Cleaning'],2022-10-11,25.0,8.0,Roberto Isais
101,Sew Pros #1,393 Broadway,['Exterior Window Cleaning'],2022-09-26,25.0,8.0,Roberto Isais
101,Sew Pros #1,393 Broadway,['Exterior Window Cleaning'],2022-09-15,25.0,8.0,Isais
101,Sew Pros #1,393 Broadway,['Exterior Window Cleaning'],2022-09-01,25.0,8.0,Isais
101,Sew Pros #1,393 Broadway,['Exterior Window Cleaning'],2022-08-16,25.0,8.0,Isais
102,Citi Dental Rancho,2451 Jamacha Rd,['Exterior Window Cleaning'],2023-02-13,25.0,12.0,Roberto Isais
102,Citi Dental Rancho,2451 Jamacha Rd,['Exterior Window Cleaning'],2023-01-16,25.0,11.0,Roberto Isais
102,Citi Dental Rancho,2451 Jamacha Rd,['Exterior Window Cleaning'],2022-11-22,25.0,11.0,Isais
102,Citi Dental Rancho,2451 Jamacha Rd,['Exterior Window Cleaning'],2022-09-26,25.0,11.0,Roberto Isais
102,Citi Dental Rancho,2451 Jamacha Rd,['Interior/Exterior Window Cleaning'],2022-09-01,35.0,11.0,Isais
102,Citi Dental Rancho,2451 Jamacha Rd,['Exterior Window Cleaning'],2022-08-01,25.0,11.0,Roberto Isais
102,Citi Dental Rancho,2451 Jamacha Rd,['Exterior Window Cleaning'],2022-07-05,25.0,11.0,Roberto Isais
102,Citi Dental Rancho,2451 Jamacha Rd,['Exterior Window Cleaning'],2022-06-06,25.0,11.0,Roberto Isais
102,Citi Dental Rancho,2451 Jamacha Rd,['Exterior Window Cleaning'],2022-05-09,25.0,11.0,Roberto Isais
102,Citi Dental Rancho,2451 Jamacha Rd,['Exterior Window Cleaning'],2022-02-15,25.0,11.0,Roberto Isais
102,Citi Dental Rancho,2451 Jamacha Rd,['Exterior Window Cleaning'],2022-01-17,25.0,11.0,Roberto Isais
102,Citi Dental Rancho,2451 Jamacha Rd,['Exterior Window Cleaning'],2021-12-20,25.0,11.0,Roberto Isais
106,The Barbecue Pit,2388 Fletcher Pkwy,['Interior/Exterior Window Cleaning'],2023-02-13,35.0,28.0,Roberto Isais
106,The Barbecue Pit,2388 Fletcher Pkwy,['Interior/Exterior Window Cleaning'],2023-01-31,35.0,28.0,Roberto Isais
106,The Barbecue Pit,2388 Fletcher Pkwy,['Interior/Exterior Window Cleaning'],2023-01-16,35.0,18.0,Roberto Isais
106,The Barbecue Pit,2388 Fletcher Pkwy,['Interior/Exterior Window Cleaning'],2023-01-06,35.0,18.0,Roberto Isais
106,The Barbecue Pit,2388 Fletcher Pkwy,['Interior/Exterior Window Cleaning'],2022-12-19,35.0,18.0,Roberto Isais
106,The Barbecue Pit,2388 Fletcher Pkwy,['Interior/Exterior Window Cleaning'],2022-12-05,35.0,18.0,Roberto Isais
106,The Barbecue Pit,2388 Fletcher Pkwy,['Interior/Exterior Window Cleaning'],2022-11-22,35.0,18.0,Isais
106,The Barbecue Pit,2388 Fletcher Pkwy,['Interior/Exterior Window Cleaning'],2022-10-11,35.0,18.0,Roberto Isais
106,The Barbecue Pit,2388 Fletcher Pkwy,['Interior/Exterior Window Cleaning'],2022-09-26,35.0,18.0,Roberto Isais
106,The Barbecue Pit,2388 Fletcher Pkwy,['Interior/Exterior Window Cleaning'],2022-09-15,35.0,18.0,Isais
106,The Barbecue Pit,2388 Fletcher Pkwy,['Interior/Exterior Window Cleaning'],2022-08-29,35.0,18.0,Roberto Isais
106,The Barbecue Pit,2388 Fletcher Pkwy,['Interior/Exterior Window Cleaning'],2022-08-16,35.0,18.0,Isais
125,Citi Dental,290 E Douglas Ave,['Exterior Window Cleaning'],2022-12-05,42.0,60.0,Roberto Isais
125,Citi Dental,290 E Douglas Ave,['Exterior Window Cleaning'],2022-09-15,42.0,60.0,Isais
125,Citi Dental,290 E Douglas Ave,['Exterior Window Cleaning'],2022-08-16,40.0,30.0,Isais
125,Citi Dental,290 E Douglas Ave,['Exterior Window Cleaning'],2022-06-20,42.0,60.0,Roberto Isais
125,Citi Dental,290 E Douglas Ave,['Exterior Window Cleaning'],2022-05-24,40.0,30.0,Roberto Isais
125,Citi Dental,290 E Douglas Ave,"['Exterior Window Cleaning', 'Interior/Exterior Window Cleaning']",2022-03-28,125.0,90.0,Roberto Isais
125,Citi Dental,290 E Douglas Ave,['Exterior Window Cleaning'],2022-01-31,40.0,30.0,Roberto Isais
125,Citi Dental,290 E Douglas Ave,['Exterior Window Cleaning'],2022-01-03,42.0,60.0,Roberto Isais
125,Citi Dental,290 E Douglas Ave,['Exterior Window Cleaning'],2021-12-06,40.0,30.0,Roberto Isais
125,Citi Dental,290 E Douglas Ave,['Exterior Window Cleaning'],2021-11-08,40.0,30.0,Roberto Isais
125,Citi Dental,290 E Douglas Ave,['Exterior Window Cleaning'],2021-10-11,43.0,60.0,Roberto Isais
125,Citi Dental,290 E Douglas Ave,['Exterior Window Cleaning'],2021-08-17,40.0,30.0,Roberto Isais
135,Quality Tax Service,9829 Campo Rd,['Exterior Window Cleaning'],2022-09-26,10.0,17.0,Roberto Isais
135,Quality Tax Service,9829 Campo Rd,['Interior/Exterior Window Cleaning'],2022-07-05,20.0,17.0,Roberto Isais
135,Quality Tax Service,9829 Campo Rd,['Interior/Exterior Window Cleaning'],2022-01-17,20.0,17.0,Roberto Isais
135,Quality Tax Service,9829 Campo Rd,['Interior/Exterior Window Cleaning'],2021-08-02,20.0,17.0,Roberto Isais
135,Quality Tax Service,9829 Campo Rd,['Interior/Exterior Window Cleaning'],2021-05-11,20.0,17.0,Roberto Isais
135,Quality Tax Service,9829 Campo Rd,['Interior/Exterior Window Cleaning'],2021-02-18,20.0,17.0,Roberto Isais
135,Quality Tax Service,9829 Campo Rd,['Interior/Exterior Window Cleaning'],2020-11-23,20.0,17.0,Roberto Isais
135,Quality Tax Service,9829 Campo Rd,['Interior/Exterior Window Cleaning'],2020-09-02,20.0,17.0,Roberto Isais
135,Quality Tax Service,9829 Campo Rd,['Interior/Exterior Window Cleaning'],2020-07-06,20.0,30.0,Roberto Isais
135,Quality Tax Service,9829 Campo Rd,['Exterior Window Cleaning'],2020-06-10,15.0,17.0,Roberto Isais
135,Quality Tax Service,9829 Campo Rd,['Interior/Exterior Window Cleaning'],2019-09-30,20.0,17.0,Roberto Isais
135,Quality Tax Service,9829 Campo Rd,['Interior/Exterior Window Cleaning'],2019-04-16,20.0,17.0,Roberto Isais
145,California Coast Credit Union - Chula Vista,386 E H St,"['Interior/Exterior Window Cleaning', 'Inside Partition Glass Cleaning']",2023-01-06,125.0,53.0,Roberto Isais
145,California Coast Credit Union - Chula Vista,386 E H St,"['Interior/Exterior Window Cleaning', 'Inside Partition Glass Cleaning']",2022-06-21,125.0,90.0,Roberto Isais
145,California Coast Credit Union - Chula Vista,386 E H St,"['Interior/Exterior Window Cleaning', 'Inside Partition Glass Cleaning']",2022-03-31,125.0,90.0,Roberto Isais
145,California Coast Credit Union - Chula Vista,386 E H St,"['Interior/Exterior Window Cleaning', 'Inside Partition Glass Cleaning']",2021-12-30,125.0,90.0,Roberto Isais
145,California Coast Credit Union - Chula Vista,386 E H St,"['Interior/Exterior Window Cleaning', 'Inside Partition Glass Cleaning']",2020-03-04,125.0,90.0,Roberto Isais
145,California Coast Credit Union - Chula Vista,386 E H St,"['Interior/Exterior Window Cleaning', 'Inside Partition Glass Cleaning']",2019-12-26,125.0,90.0,Roberto Isais
145,California Coast Credit Union - Chula Vista,386 E H St,"['Interior/Exterior Window Cleaning', 'Inside Partition Glass Cleaning']",2019-09-18,125.0,90.0,Roberto Isais
145,California Coast Credit Union - Chula Vista,386 E H St,"['Interior/Exterior Window Cleaning', 'Inside Partition Glass Cleaning']",2019-04-02,125.0,90.0,Roberto Isais
145,California Coast Credit Union - Chula Vista,386 E H St,"['Interior/Exterior Window Cleaning', 'Inside Partition Glass Cleaning']",2019-01-12,125.0,60.0,Roberto Isais
145,California Coast Credit Union - Chula Vista,386 E H St,"['Interior/Exterior Window Cleaning', 'Inside Partition Glass Cleaning']",2018-11-01,125.0,90.0,Roberto Isais
145,California Coast Credit Union - Chula Vista,386 E H St,"['Interior/Exterior Window Cleaning', 'Inside Partition Glass Cleaning']",2018-07-24,125.0,90.0,Roberto Isais
158,Trader Joes #221,9850 Hibert St,['Exterior Window Cleaning'],2020-02-26,45.0,25.0,Roberto Isais
158,Trader Joes #221,9850 Hibert St,['Exterior Window Cleaning'],2019-01-30,45.0,30.0,Roberto Isais
167,Invision Boutique,3830 Valley Centre Dr,['Exterior Window Cleaning'],2022-12-20,20.0,8.0,Isais
167,Invision Boutique,3830 Valley Centre Dr,['Interior/Exterior Window Cleaning'],2019-01-25,27.0,20.0,Roberto Isais
184,Mission Hills Financial,1633 W Lewis St,['Exterior Window Cleaning'],2022-12-21,22.0,14.0,Roberto Isais
184,Mission Hills Financial,1633 W Lewis St,['Exterior Window Cleaning'],2021-11-18,22.0,15.0,Roberto Isais
184,Mission Hills Financial,1633 W Lewis St,['Exterior Window Cleaning'],2020-02-17,22.0,20.0,Roberto Isais
185,Watchlight Corporation,111 S Marshall Ave,['Exterior Window Cleaning'],2023-02-13,25.0,15.0,Roberto Isais
185,Watchlight Corporation,111 S Marshall Ave,['Exterior Window Cleaning'],2022-12-19,25.0,15.0,Roberto Isais
185,Watchlight Corporation,111 S Marshall Ave,['Exterior Window Cleaning'],2021-04-13,25.0,15.0,Roberto Isais
185,Watchlight Corporation,111 S Marshall Ave,['Exterior Window Cleaning'],2020-02-20,25.0,20.0,Roberto Isais
185,Watchlight Corporation,111 S Marshall Ave,['Exterior Window Cleaning'],2019-02-18,25.0,20.0,Roberto Isais
185,Watchlight Corporation,111 S Marshall Ave,['Exterior Window Cleaning'],2019-01-21,25.0,23.0,Roberto Isais
185,Watchlight Corporation,111 S Marshall Ave,['Exterior Window Cleaning'],2018-12-24,25.0,15.0,Roberto Isais
190,Valley Center Dental,28743 Valley Center Rd # A,['Interior/Exterior Window Cleaning'],2022-09-08,125.0,75.0,Isais
190,Valley Center Dental,28743 Valley Center Rd # A,['Interior/Exterior Window Cleaning'],2022-08-22,125.0,75.0,Roberto Isais
190,Valley Center Dental,28743 Valley Center Rd # A,['Interior/Exterior Window Cleaning'],2021-02-10,125.0,55.0,Roberto Isais
190,Valley Center Dental,28743 Valley Center Rd # A,['Interior/Exterior Window Cleaning'],2020-06-05,125.0,55.0,Roberto Isais
252,West Tech Contr. Inc,568 N Tulip St,['Exterior Window Cleaning'],2020-03-05,30.0,20.0,Roberto Isais
252,West Tech Contr. Inc,568 N Tulip St,['Exterior Window Cleaning'],2019-11-06,30.0,30.0,Roberto Isais
252,West Tech Contr. Inc,568 N Tulip St,['Exterior Window Cleaning'],2018-12-07,30.0,45.0,Roberto Isais
263,Dr. Hagestrom,8923 La Mesa Blvd,['Exterior Window Cleaning'],2023-01-31,82.0,32.0,Roberto Isais
263,Dr. Hagestrom,8923 La Mesa Blvd,['Exterior Window Cleaning'],2020-02-13,82.0,40.0,Roberto Isais
398,California Coast Credit Union - La Mesa,8002 La Mesa Blvd,"['Interior/Exterior Window Cleaning', 'Inside Partition Glass Cleaning']",2020-06-23,155.0,120.0,Roberto Isais
398,California Coast Credit Union - La Mesa,8002 La Mesa Blvd,"['Interior/Exterior Window Cleaning', 'Inside Partition Glass Cleaning']",2019-02-06,155.0,100.0,Roberto Isais
731,IE Pacific Inc,150 West Crest Street,"['Interior/Exterior Window Cleaning', 'Inside Partition Glass Cleaning']",2020-11-20,250.0,136.0,Roberto Isais
771,Prime Electrical Services,480 Enterprise Street,['Interior/Exterior Window Cleaning'],2020-02-14,150.0,90.0,Roberto Isais
771,Prime Electrical Services,480 Enterprise Street,['Exterior Window Cleaning'],2019-10-04,50.0,22.0,Roberto Isais
771,Prime Electrical Services,480 Enterprise Street,['Exterior Window Cleaning'],2019-09-06,50.0,22.0,Roberto Isais
771,Prime Electrical Services,480 Enterprise Street,['Exterior Window Cleaning'],2018-12-07,50.0,22.0,Roberto Isais
771,Prime Electrical Services,480 Enterprise Street,['Exterior Window Cleaning'],2018-09-07,50.0,22.0,Roberto Isais
1518,Finkbiner Apartment Building,3645 Arizona Street,['Exterior Window Cleaning'],2020-07-21,175.0,150.0,Roberto Isais
1660,Coin Op Laundry,3043 Clairemont Drive,['Interior/Exterior Window Cleaning'],2023-02-09,50.0,38.0,Isais
1660,Coin Op Laundry,3043 Clairemont Drive,['Interior/Exterior Window Cleaning'],2023-01-12,50.0,25.0,Roberto Isais
1660,Coin Op Laundry,3043 Clairemont Drive,['Interior/Exterior Window Cleaning'],2022-12-14,50.0,19.0,Isais
1660,Coin Op Laundry,3043 Clairemont Drive,['Interior/Exterior Window Cleaning'],2021-04-09,50.0,32.0,Roberto Isais
1660,Coin Op Laundry,3043 Clairemont Drive,['Interior/Exterior Window Cleaning'],2020-02-12,50.0,40.0,Roberto Isais
2266,Southland Electric,4950 Greencraig Lane,['Interior/Exterior Window Cleaning'],2023-01-13,160.0,57.0,Roberto Isais
3603,California Coast - Scripps Ranch,9825 Mira Mesa Boulevard,"['Interior/Exterior Window Cleaning', 'Inside Partition Glass Cleaning']",2022-11-14,200.0,120.0,Roberto Isais
3603,California Coast - Scripps Ranch,9825 Mira Mesa Boulevard,"['Interior/Exterior Window Cleaning', 'Inside Partition Glass Cleaning']",2022-08-09,200.0,120.0,Isais
3603,California Coast - Scripps Ranch,9825 Mira Mesa Boulevard,"['Interior/Exterior Window Cleaning', 'Inside Partition Glass Cleaning']",2022-01-12,200.0,120.0,Roberto Isais
3603,California Coast - Scripps Ranch,9825 Mira Mesa Boulevard,"['Interior/Exterior Window Cleaning', 'Inside Partition Glass Cleaning']",2019-09-27,150.0,120.0,Roberto Isais
3708,California Coast - J Street,777 J Street,['Interior/Exterior Window Cleaning'],2023-02-01,175.0,91.0,Roberto Isais
3708,California Coast - J Street,777 J Street,['Interior/Exterior Window Cleaning'],2022-05-05,350.0,210.0,Roberto Isais
3708,California Coast - J Street,777 J Street,['Interior/Exterior Window Cleaning'],2020-02-14,350.0,180.0,Roberto Isais
3708,California Coast - J Street,777 J Street,['Interior/Exterior Window Cleaning'],2018-12-20,350.0,170.0,Roberto Isais
3708,California Coast - J Street,777 J Street,['Interior/Exterior Window Cleaning'],2018-09-27,155.0,140.0,Roberto Isais
3754,Trader Joes #224,5140 College Avenue,['Interior/Exterior Window Cleaning'],2023-02-06,200.0,60.0,Roberto Isais
3754,Trader Joes #224,5140 College Avenue,['Interior/Exterior Window Cleaning'],2022-12-16,200.0,64.0,Roberto Isais
3754,Trader Joes #224,5140 College Avenue,['Interior/Exterior Window Cleaning'],2021-04-19,200.0,87.0,Roberto Isais
3754,Trader Joes #224,5140 College Avenue,['Interior/Exterior Window Cleaning'],2020-02-27,200.0,80.0,Roberto Isais
3754,Trader Joes #224,5140 College Avenue,['Interior/Exterior Window Cleaning'],2020-02-13,200.0,100.0,Roberto Isais
3754,Trader Joes #224,5140 College Avenue,['Interior/Exterior Window Cleaning'],2019-08-26,200.0,74.0,Roberto Isais
3754,Trader Joes #224,5140 College Avenue,['Interior/Exterior Window Cleaning'],2019-02-12,200.0,80.0,Roberto Isais
3754,Trader Joes #224,5140 College Avenue,['Interior/Exterior Window Cleaning'],2019-01-14,200.0,60.0,Roberto Isais
3754,Trader Joes #224,5140 College Avenue,['Interior/Exterior Window Cleaning'],2018-12-21,200.0,70.0,Roberto Isais
3919,GTM Discount #4,1315 3rd Avenue,['Exterior Window Cleaning'],2023-02-15,40.0,20.0,Roberto Isais
3919,GTM Discount #4,1315 3rd Avenue,['Interior/Exterior Window Cleaning'],2022-12-21,80.0,48.0,Roberto Isais
3919,GTM Discount #4,1315 3rd Avenue,['Interior/Exterior Window Cleaning'],2021-04-14,90.0,43.0,Roberto Isais
3919,GTM Discount #4,1315 3rd Avenue,['Exterior Window Cleaning'],2020-02-19,40.0,20.0,Roberto Isais
3919,GTM Discount #4,1315 3rd Avenue,"['Exterior Window Cleaning', 'Paint Removal']",2020-01-02,40.0,120.0,Roberto Isais
3919,GTM Discount #4,1315 3rd Avenue,['Exterior Window Cleaning'],2019-01-03,100.0,60.0,Roberto Isais
3919,GTM Discount #4,1315 3rd Avenue,['Interior/Exterior Window Cleaning'],2018-07-13,40.0,25.0,Roberto Isais
4548,Isabela Skincare,1111 Fort Stockton Drive,['Interior/Exterior Window Cleaning'],2022-12-21,10.0,5.0,Roberto Isais
4548,Isabela Skincare,1111 Fort Stockton Drive,['Interior/Exterior Window Cleaning'],2021-11-15,10.0,6.0,Roberto Isais
4556,QP Technologies,2063 Wineridge Place,['Exterior Window Cleaning'],2022-08-26,150.0,104.0,Roberto Isais
4556,QP Technologies,2063 Wineridge Place,['Exterior Window Cleaning'],2022-05-27,150.0,104.0,Roberto Isais
9657,Green Fresh Florals,3993 Goldfinch Street,['Interior/Exterior Window Cleaning'],2023-02-02,35.0,16.0,Isais
9657,Green Fresh Florals,3993 Goldfinch Street,['Interior/Exterior Window Cleaning'],2022-12-08,35.0,13.0,Isais
9657,Green Fresh Florals,3993 Goldfinch Street,['Interior/Exterior Window Cleaning'],2021-04-29,35.0,37.0,Roberto Isais
9658,Salon Bordeaux,3393 Adams Avenue,['Exterior Window Cleaning'],2023-02-03,22.0,11.0,Roberto Isais
9658,Salon Bordeaux,3393 Adams Avenue,['Exterior Window Cleaning'],2022-12-09,22.0,15.0,Roberto Isais
9664,Salon Bordeaux,3393 Adams Avenue,['Interior/Exterior Window Cleaning'],2022-12-23,32.0,17.0,Roberto Isais
9664,Salon Bordeaux,3393 Adams Avenue,['Interior/Exterior Window Cleaning'],2021-11-22,32.0,25.0,Roberto Isais
9668,Diesel Salon,4222 Adams Avenue,['Interior/Exterior Window Cleaning'],2022-12-09,30.0,11.0,Roberto Isais
9671,Cecillia's Fine Jewelry,4669 Park Boulevard,['Interior/Exterior Window Cleaning'],2023-02-09,15.0,21.0,Isais
9671,Cecillia's Fine Jewelry,4669 Park Boulevard,['Exterior Window Cleaning'],2023-01-12,8.0,10.0,Roberto Isais
9671,Cecillia's Fine Jewelry,4669 Park Boulevard,['Exterior Window Cleaning'],2021-12-01,8.0,9.0,Roberto Isais
9671,Cecillia's Fine Jewelry,4669 Park Boulevard,['Interior/Exterior Window Cleaning'],2021-11-18,15.0,17.0,Roberto Isais
9678,Rip Current Brewing,4101 30th Street,['Interior/Exterior Window Cleaning'],2023-01-26,75.0,60.0,Isais
9678,Rip Current Brewing,4101 30th Street,['Interior/Exterior Window Cleaning'],2022-12-27,75.0,60.0,Isais
9678,Rip Current Brewing,4101 30th Street,['Interior/Exterior Window Cleaning'],2022-12-02,75.0,60.0,Isais
9678,Rip Current Brewing,4101 30th Street,['Exterior Window Cleaning'],2022-11-03,32.0,60.0,Isais
9678,Rip Current Brewing,4101 30th Street,['Exterior Window Cleaning'],2022-09-07,35.0,60.0,Roberto Isais
9678,Rip Current Brewing,4101 30th Street,['Exterior Window Cleaning'],2022-04-21,35.0,60.0,Roberto Isais
9678,Rip Current Brewing,4101 30th Street,['Exterior Window Cleaning'],2022-03-24,38.0,60.0,Roberto Isais
9678,Rip Current Brewing,4101 30th Street,['Interior/Exterior Window Cleaning'],2022-01-28,75.0,60.0,Roberto Isais
9678,Rip Current Brewing,4101 30th Street,['Interior/Exterior Window Cleaning'],2021-12-31,75.0,60.0,Roberto Isais
9678,Rip Current Brewing,4101 30th Street,['Interior/Exterior Window Cleaning'],2021-12-03,75.0,60.0,Roberto Isais
9678,Rip Current Brewing,4101 30th Street,['Interior/Exterior Window Cleaning'],2021-11-05,75.0,60.0,Roberto Isais
9678,Rip Current Brewing,4101 30th Street,['Exterior Window Cleaning'],2021-10-06,40.0,60.0,Roberto Isais
9691,Jo's Diner,807 West Washington Street,['Interior/Exterior Window Cleaning'],2023-02-16,28.0,24.0,Isais
9691,Jo's Diner,807 West Washington Street,['Interior/Exterior Window Cleaning'],2021-04-15,28.0,30.0,Roberto Isais
9692,Thread & Seed (Bankers Hill),2870 Fourth Avenue,['Interior/Exterior Window Cleaning'],2023-02-02,25.0,16.0,Isais
9692,Thread & Seed (Bankers Hill),2870 Fourth Avenue,['Exterior Window Cleaning'],2022-12-08,13.0,9.0,Isais
9693,Home Care of La Jolla,5762 La Jolla Boulevard,['Exterior Window Cleaning'],2022-12-23,70.0,24.0,Roberto Isais
9693,Home Care of La Jolla,5762 La Jolla Boulevard,['Interior/Exterior Window Cleaning'],2021-04-12,70.0,34.0,Roberto Isais
9696,Pop Pie Company,4404 Park Boulevard,['Interior/Exterior Window Cleaning'],2021-05-21,45.0,29.0,Roberto Isais
9697,The Book Catapult,3010 Juniper Street,['Exterior Window Cleaning'],2023-02-02,15.0,11.0,Isais
9697,The Book Catapult,3010 Juniper Street,['Exterior Window Cleaning'],2022-12-08,15.0,10.0,Isais
9698,Community Realty Co.,2225 30th Street,['Exterior Window Cleaning'],2023-02-02,10.0,2.0,Isais
9698,Community Realty Co.,2225 30th Street,['Exterior Window Cleaning'],2022-12-08,10.0,3.0,Isais
9698,Community Realty Co.,2225 30th Street,['Exterior Window Cleaning'],2021-04-30,10.0,3.0,Roberto Isais
9700,Thread & Seed (South Park),2220 Fern Street,['Interior/Exterior Window Cleaning'],2023-02-02,65.0,17.0,Isais
9700,Thread & Seed (South Park),2220 Fern Street,['Interior/Exterior Window Cleaning'],2022-12-08,65.0,21.0,Isais
9701,The Gensler Group,120 C Avenue,['Exterior Window Cleaning'],2023-01-09,60.0,60.0,Roberto Isais
9701,The Gensler Group,120 C Avenue,['Exterior Window Cleaning'],2022-07-25,60.0,60.0,Roberto Isais
9701,The Gensler Group,120 C Avenue,['Exterior Window Cleaning'],2022-02-07,60.0,60.0,Roberto Isais
9701,The Gensler Group,120 C Avenue,['Exterior Window Cleaning'],2021-11-15,60.0,35.0,Roberto Isais
9701,The Gensler Group,120 C Avenue,['Exterior Window Cleaning'],2021-08-25,60.0,60.0,Roberto Isais
9701,The Gensler Group,120 C Avenue,['Exterior Window Cleaning'],2021-06-04,60.0,27.0,Roberto Isais
9703,Gold Leaf,2225 30th Street,['Exterior Window Cleaning'],2023-02-02,35.0,12.0,Isais
9703,Gold Leaf,2225 30th Street,['Exterior Window Cleaning'],2022-12-08,35.0,6.0,Isais
9703,Gold Leaf,2225 30th Street,['Exterior Window Cleaning'],2021-04-30,35.0,11.0,Roberto Isais
9710,Studio Barre Mission Hills,321 West Washington Street,['Interior/Exterior Window Cleaning'],2023-02-03,160.0,75.0,Roberto Isais
9710,Studio Barre Mission Hills,321 West Washington Street,['Interior/Exterior Window Cleaning'],2022-11-09,160.0,120.0,Roberto Isais
9710,Studio Barre Mission Hills,321 West Washington Street,['Interior/Exterior Window Cleaning'],2022-10-14,160.0,120.0,Roberto Isais
9710,Studio Barre Mission Hills,321 West Washington Street,['Interior/Exterior Window Cleaning'],2022-09-16,160.0,120.0,Roberto Isais
9710,Studio Barre Mission Hills,321 West Washington Street,['Interior/Exterior Window Cleaning'],2022-08-19,160.0,120.0,Roberto Isais
9710,Studio Barre Mission Hills,321 West Washington Street,['Interior/Exterior Window Cleaning'],2022-07-21,160.0,120.0,Isais
9710,Studio Barre Mission Hills,321 West Washington Street,['Interior/Exterior Window Cleaning'],2022-06-23,160.0,120.0,Roberto Isais
9710,Studio Barre Mission Hills,321 West Washington Street,['Interior/Exterior Window Cleaning'],2022-04-01,160.0,120.0,Roberto Isais
9710,Studio Barre Mission Hills,321 West Washington Street,['Interior/Exterior Window Cleaning'],2022-02-04,160.0,120.0,Roberto Isais
9710,Studio Barre Mission Hills,321 West Washington Street,['Interior/Exterior Window Cleaning'],2021-12-31,160.0,120.0,Roberto Isais
9710,Studio Barre Mission Hills,321 West Washington Street,['Interior/Exterior Window Cleaning'],2021-12-03,160.0,120.0,Roberto Isais
9710,Studio Barre Mission Hills,321 West Washington Street,['Interior/Exterior Window Cleaning'],2021-11-05,160.0,120.0,Roberto Isais
9712,Koi,5632 La Jolla Boulevard,['Interior/Exterior Window Cleaning'],2022-12-23,30.0,12.0,Roberto Isais
9712,Koi,5632 La Jolla Boulevard,['Interior/Exterior Window Cleaning'],2021-04-12,30.0,19.0,Roberto Isais
9717,La Jolla Golf Carts,7512 La Jolla Boulevard,['Exterior Window Cleaning'],2022-12-23,35.0,15.0,Roberto Isais
9717,La Jolla Golf Carts,7512 La Jolla Boulevard,['Exterior Window Cleaning'],2021-04-12,35.0,22.0,Roberto Isais
9723,"Jean Farbod DDS, Inc",120 C Avenue,['Interior/Exterior Window Cleaning'],2021-11-15,25.0,9.0,Roberto Isais
9726,Belle Sirene,7838 Herschel Avenue,['Interior/Exterior Window Cleaning'],2022-12-23,38.0,12.0,Roberto Isais
9726,Belle Sirene,7838 Herschel Avenue,['Interior/Exterior Window Cleaning'],2021-04-12,38.0,18.0,Roberto Isais
9728,Babycakes,3795 Fourth Avenue,['Interior/Exterior Window Cleaning'],2023-02-02,85.0,41.0,Isais
9728,Babycakes,3795 Fourth Avenue,['Interior/Exterior Window Cleaning'],2023-01-05,85.0,60.0,Isais
9728,Babycakes,3795 Fourth Avenue,['Interior/Exterior Window Cleaning'],2022-12-08,85.0,46.0,Isais
9728,Babycakes,3795 Fourth Avenue,['Interior/Exterior Window Cleaning'],2022-11-10,85.0,60.0,Isais
9728,Babycakes,3795 Fourth Avenue,['Interior/Exterior Window Cleaning'],2022-09-14,85.0,60.0,Roberto Isais
9728,Babycakes,3795 Fourth Avenue,['Interior/Exterior Window Cleaning'],2022-08-18,85.0,60.0,Isais
9728,Babycakes,3795 Fourth Avenue,['Interior/Exterior Window Cleaning'],2022-07-20,85.0,60.0,Roberto Isais
9728,Babycakes,3795 Fourth Avenue,['Interior/Exterior Window Cleaning'],2022-03-29,85.0,60.0,Roberto Isais
9728,Babycakes,3795 Fourth Avenue,['Interior/Exterior Window Cleaning'],2022-02-02,85.0,60.0,Roberto Isais
9728,Babycakes,3795 Fourth Avenue,['Interior/Exterior Window Cleaning'],2021-12-08,85.0,60.0,Roberto Isais
9728,Babycakes,3795 Fourth Avenue,['Interior/Exterior Window Cleaning'],2021-11-10,85.0,60.0,Roberto Isais
9728,Babycakes,3795 Fourth Avenue,['Interior/Exterior Window Cleaning'],2021-10-12,85.0,60.0,Roberto Isais
9730,Perry's Cafe,4620 Pacific Highway,['Interior/Exterior Window Cleaning'],2023-01-26,180.0,120.0,Isais
9730,Perry's Cafe,4620 Pacific Highway,['Interior/Exterior Window Cleaning'],2022-12-27,180.0,120.0,Isais
9730,Perry's Cafe,4620 Pacific Highway,['Interior/Exterior Window Cleaning'],2022-12-08,180.0,89.0,Isais
9730,Perry's Cafe,4620 Pacific Highway,['Interior/Exterior Window Cleaning'],2022-11-03,180.0,120.0,Isais
9730,Perry's Cafe,4620 Pacific Highway,['Interior/Exterior Window Cleaning'],2022-09-07,180.0,120.0,Roberto Isais
9730,Perry's Cafe,4620 Pacific Highway,['Interior/Exterior Window Cleaning'],2022-06-15,180.0,120.0,Roberto Isais
9730,Perry's Cafe,4620 Pacific Highway,['Interior/Exterior Window Cleaning'],2022-04-21,180.0,120.0,Roberto Isais
9730,Perry's Cafe,4620 Pacific Highway,['Interior/Exterior Window Cleaning'],2022-03-24,180.0,120.0,Roberto Isais
9730,Perry's Cafe,4620 Pacific Highway,['Interior/Exterior Window Cleaning'],2022-01-28,180.0,120.0,Roberto Isais
9730,Perry's Cafe,4620 Pacific Highway,['Interior/Exterior Window Cleaning'],2021-12-31,180.0,120.0,Roberto Isais
9730,Perry's Cafe,4620 Pacific Highway,['Interior/Exterior Window Cleaning'],2021-12-03,180.0,120.0,Roberto Isais
9730,Perry's Cafe,4620 Pacific Highway,['Interior/Exterior Window Cleaning'],2021-11-05,180.0,120.0,Roberto Isais
9737,Ray Street Custom Framing,3807 Ray Street,['Interior/Exterior Window Cleaning'],2023-02-09,22.0,12.0,Isais
9737,Ray Street Custom Framing,3807 Ray Street,['Interior/Exterior Window Cleaning'],2023-01-12,22.0,10.0,Isais
9737,Ray Street Custom Framing,3807 Ray Street,['Interior/Exterior Window Cleaning'],2021-11-18,22.0,9.0,Roberto Isais
9737,Ray Street Custom Framing,3807 Ray Street,['Interior/Exterior Window Cleaning'],2021-04-09,22.0,13.0,Roberto Isais
9744,Salon on First,1134 1st Street,['Exterior Window Cleaning'],2023-02-07,55.0,21.0,Isais
9746,Salon1745,1745 Adams Avenue,['Interior/Exterior Window Cleaning'],2023-02-03,18.0,12.0,Roberto Isais
9769,Mullins Orthodonics,1116 1st Street,['Interior/Exterior Window Cleaning'],2023-02-16,40.0,14.0,Isais
9802,Chakarian & Assocs Inc,3971 Goldfinch Street,['Exterior Window Cleaning'],2023-02-16,100.0,19.0,Isais
9802,Chakarian & Assocs Inc,3971 Goldfinch Street,['Exterior Window Cleaning'],2022-12-21,100.0,31.0,Roberto Isais
9802,Chakarian & Assocs Inc,3971 Goldfinch Street,['Exterior Window Cleaning'],2022-11-25,100.0,75.0,Roberto Isais
9802,Chakarian & Assocs Inc,3971 Goldfinch Street,['Exterior Window Cleaning'],2022-09-29,100.0,75.0,Isais
9802,Chakarian & Assocs Inc,3971 Goldfinch Street,['Exterior Window Cleaning'],2022-09-09,100.0,75.0,Roberto Isais
9802,Chakarian & Assocs Inc,3971 Goldfinch Street,['Exterior Window Cleaning'],2022-08-05,100.0,75.0,Roberto Isais
9802,Chakarian & Assocs Inc,3971 Goldfinch Street,['Exterior Window Cleaning'],2022-05-12,100.0,75.0,Roberto Isais
9802,Chakarian & Assocs Inc,3971 Goldfinch Street,['Exterior Window Cleaning'],2022-02-14,100.0,75.0,Roberto Isais
9802,Chakarian & Assocs Inc,3971 Goldfinch Street,['Exterior Window Cleaning'],2022-01-20,100.0,75.0,Roberto Isais
9802,Chakarian & Assocs Inc,3971 Goldfinch Street,['Exterior Window Cleaning'],2021-11-24,100.0,34.0,Roberto Isais
9802,Chakarian & Assocs Inc,3971 Goldfinch Street,['Exterior Window Cleaning'],2021-10-28,100.0,75.0,Roberto Isais
9802,Chakarian & Assocs Inc,3971 Goldfinch Street,['Exterior Window Cleaning'],2021-08-06,100.0,75.0,Roberto Isais
9819,Ashen Salon,6903 La Jolla Boulevard,['Exterior Window Cleaning'],2023-02-14,60.0,42.0,Isais
9819,Ashen Salon,6903 La Jolla Boulevard,['Exterior Window Cleaning'],2023-01-17,60.0,45.0,Isais
9819,Ashen Salon,6903 La Jolla Boulevard,['Exterior Window Cleaning'],2022-12-23,60.0,16.0,Roberto Isais
9819,Ashen Salon,6903 La Jolla Boulevard,['Exterior Window Cleaning'],2022-11-21,60.0,45.0,Roberto Isais
9819,Ashen Salon,6903 La Jolla Boulevard,['Exterior Window Cleaning'],2022-10-20,60.0,45.0,Isais
9819,Ashen Salon,6903 La Jolla Boulevard,['Exterior Window Cleaning'],2022-09-27,60.0,45.0,Isais
9819,Ashen Salon,6903 La Jolla Boulevard,['Exterior Window Cleaning'],2022-08-31,60.0,45.0,Isais
9819,Ashen Salon,6903 La Jolla Boulevard,['Exterior Window Cleaning'],2022-08-04,60.0,45.0,Isais
9819,Ashen Salon,6903 La Jolla Boulevard,['Exterior Window Cleaning'],2022-07-07,60.0,45.0,Roberto Isais
9819,Ashen Salon,6903 La Jolla Boulevard,['Exterior Window Cleaning'],2022-05-11,60.0,45.0,Roberto Isais
9819,Ashen Salon,6903 La Jolla Boulevard,['Exterior Window Cleaning'],2022-02-17,60.0,45.0,Roberto Isais
9819,Ashen Salon,6903 La Jolla Boulevard,['Exterior Window Cleaning'],2022-01-18,60.0,45.0,Roberto Isais
9911,California Funeral Alternatives,1020 East Pennsylvania Avenue,['Interior/Exterior Window Cleaning'],2022-09-08,100.0,61.0,Isais
9919,Mercer Group,4071 Adams Avenue,['Interior/Exterior Window Cleaning'],2023-02-17,20.0,15.0,Roberto Isais
9919,Mercer Group,4071 Adams Avenue,['Exterior Window Cleaning'],2023-02-03,10.0,7.0,Roberto Isais
9919,Mercer Group,4071 Adams Avenue,['Interior/Exterior Window Cleaning'],2023-01-17,20.0,15.0,Isais
9919,Mercer Group,4071 Adams Avenue,['Interior/Exterior Window Cleaning'],2023-01-05,20.0,15.0,Isais
9919,Mercer Group,4071 Adams Avenue,['Interior/Exterior Window Cleaning'],2022-12-23,20.0,15.0,Roberto Isais
9919,Mercer Group,4071 Adams Avenue,['Exterior Window Cleaning'],2022-12-09,10.0,12.0,Roberto Isais
9919,Mercer Group,4071 Adams Avenue,['Exterior Window Cleaning'],2022-11-21,10.0,15.0,Roberto Isais
9919,Mercer Group,4071 Adams Avenue,['Interior/Exterior Window Cleaning'],2022-11-09,20.0,15.0,Roberto Isais
9919,Mercer Group,4071 Adams Avenue,['Interior/Exterior Window Cleaning'],2022-10-14,20.0,15.0,Roberto Isais
9919,Mercer Group,4071 Adams Avenue,['Interior/Exterior Window Cleaning'],2022-09-29,20.0,15.0,Isais
9919,Mercer Group,4071 Adams Avenue,['Exterior Window Cleaning'],2022-09-16,10.0,15.0,Roberto Isais
9919,Mercer Group,4071 Adams Avenue,['Interior/Exterior Window Cleaning'],2022-09-09,20.0,15.0,Roberto Isais
9968,Moosies Icecream,4073 Adams Avenue,['Interior/Exterior Window Cleaning'],2023-02-17,20.0,15.0,Roberto Isais
9968,Moosies Icecream,4073 Adams Avenue,['Interior/Exterior Window Cleaning'],2023-01-17,20.0,15.0,Isais
9968,Moosies Icecream,4073 Adams Avenue,['Interior/Exterior Window Cleaning'],2022-12-23,20.0,15.0,Roberto Isais
9968,Moosies Icecream,4073 Adams Avenue,['Exterior Window Cleaning'],2022-09-29,10.0,15.0,Isais
9968,Moosies Icecream,4073 Adams Avenue,['Interior/Exterior Window Cleaning'],2022-09-09,20.0,15.0,Roberto Isais
9968,Moosies Icecream,4073 Adams Avenue,['Interior/Exterior Window Cleaning'],2022-08-05,20.0,15.0,Roberto Isais
9968,Moosies Icecream,4073 Adams Avenue,['Interior/Exterior Window Cleaning'],2022-07-08,20.0,15.0,Roberto Isais
9968,Moosies Icecream,4073 Adams Avenue,['Interior/Exterior Window Cleaning'],2022-06-10,30.0,15.0,Roberto Isais
9968,Moosies Icecream,4073 Adams Avenue,['Interior/Exterior Window Cleaning'],2022-05-13,20.0,15.0,Roberto Isais
9968,Moosies Icecream,4073 Adams Avenue,['Exterior Window Cleaning'],2022-02-18,10.0,15.0,Roberto Isais
9981,Marco's Jewelry,7951 Broadway,['Exterior Window Cleaning'],2023-02-13,20.0,15.0,Roberto Isais
9981,Marco's Jewelry,7951 Broadway,['Exterior Window Cleaning'],2023-01-16,20.0,15.0,Roberto Isais
9981,Marco's Jewelry,7951 Broadway,['Exterior Window Cleaning'],2022-11-22,20.0,15.0,Isais
9981,Marco's Jewelry,7951 Broadway,['Exterior Window Cleaning'],2022-09-26,20.0,15.0,Roberto Isais
9981,Marco's Jewelry,7951 Broadway,['Exterior Window Cleaning'],2022-09-01,20.0,15.0,Isais
9981,Marco's Jewelry,7951 Broadway,['Exterior Window Cleaning'],2022-08-03,20.0,15.0,Roberto Isais
9981,Marco's Jewelry,7951 Broadway,['Exterior Window Cleaning'],2022-07-05,20.0,15.0,Roberto Isais
9981,Marco's Jewelry,7951 Broadway,['Exterior Window Cleaning'],2022-06-06,20.0,15.0,Roberto Isais
9981,Marco's Jewelry,7951 Broadway,['Exterior Window Cleaning'],2022-05-09,20.0,15.0,Roberto Isais
9993,Tio Leos,5302 Napa Street,['Interior/Exterior Window Cleaning'],2023-02-09,85.0,35.0,Isais
9993,Tio Leos,5302 Napa Street,['Interior/Exterior Window Cleaning'],2023-01-12,85.0,30.0,Isais
9993,Tio Leos,5302 Napa Street,['Interior/Exterior Window Cleaning'],2022-12-14,85.0,31.0,Isais
9993,Tio Leos,5302 Napa Street,['Interior/Exterior Window Cleaning'],2022-11-15,85.0,60.0,Isais
9993,Tio Leos,5302 Napa Street,['Interior/Exterior Window Cleaning'],2022-10-11,85.0,60.0,Roberto Isais
9993,Tio Leos,5302 Napa Street,['Interior/Exterior Window Cleaning'],2022-09-22,85.0,60.0,Isais
9993,Tio Leos,5302 Napa Street,['Interior/Exterior Window Cleaning'],2022-06-15,85.0,60.0,Roberto Isais
9993,Tio Leos,5302 Napa Street,['Interior/Exterior Window Cleaning'],2022-05-19,85.0,60.0,Roberto Isais
9993,Tio Leos,5302 Napa Street,['Interior/Exterior Window Cleaning'],2022-04-20,85.0,60.0,Roberto Isais
9993,Tio Leos,5302 Napa Street,['Interior/Exterior Window Cleaning'],2022-03-22,85.0,60.0,Roberto Isais
10085,The Dance Academy Del Mar,12843 El Camino Real,"['Exterior Window Cleaning', 'Interior/Exterior Window Cleaning', 'Mirror Cleaning']",2023-02-01,180.0,216.0,Roberto Isais
10085,The Dance Academy Del Mar,12843 El Camino Real,"['Interior/Exterior Window Cleaning', 'Mirror Cleaning']",2023-01-04,130.0,60.0,Roberto Isais
10085,The Dance Academy Del Mar,12843 El Camino Real,"['Interior/Exterior Window Cleaning', 'Mirror Cleaning']",2022-12-06,130.0,60.0,Isais
10085,The Dance Academy Del Mar,12843 El Camino Real,"['Interior/Exterior Window Cleaning', 'Mirror Cleaning']",2022-11-21,130.0,60.0,Roberto Isais
10085,The Dance Academy Del Mar,12843 El Camino Real,"['Interior/Exterior Window Cleaning', 'Mirror Cleaning']",2022-10-13,130.0,75.0,Isais
10085,The Dance Academy Del Mar,12843 El Camino Real,"['Interior/Exterior Window Cleaning', 'Mirror Cleaning']",2022-09-13,130.0,75.0,Isais
10085,The Dance Academy Del Mar,12843 El Camino Real,['Mirror Cleaning'],2022-08-15,30.0,75.0,Roberto Isais
10112,Windansea Pilates,504 Nautilus Street,"['Interior/Exterior Window Cleaning', 'Mirror Cleaning']",2023-02-14,50.0,30.0,Isais
10112,Windansea Pilates,504 Nautilus Street,"['Interior/Exterior Window Cleaning', 'Mirror Cleaning']",2023-01-12,50.0,25.0,Roberto Isais
10112,Windansea Pilates,504 Nautilus Street,"['Interior/Exterior Window Cleaning', 'Mirror Cleaning']",2022-12-23,50.0,24.0,Roberto Isais
10112,Windansea Pilates,504 Nautilus Street,"['Interior/Exterior Window Cleaning', 'Mirror Cleaning']",2022-11-21,50.0,30.0,Roberto Isais
10112,Windansea Pilates,504 Nautilus Street,['Mirror Cleaning'],2022-10-20,25.0,30.0,Isais
10136,Pop Pie Commissary Kitchen,4445 Clairemont Mesa Boulevard,['Interior/Exterior Window Cleaning'],2023-01-26,55.0,30.0,Isais
