5,Trader Joes #120,Trader Joes #120,2015-04-02,,878 Eastlake Pkwy,1
7,Sew Pros 4,Sew Pros 4,2015-04-02,,5525 Clairemont Mesa Blvd,0
13,Ruttis Hair Salon,Ruttis Hair Salon,2015-04-03,,8909 Complex Dr,0
14,Trader Joes # 223,Trader Joes # 223,2015-04-03,,13480 Highlands Place,1
15,Harsey & Harsey,Harsey & Harsey,2015-04-03,,4090 Morena Blvd,1
19,Perry's Cafe,Perry's Cafe,2015-04-07,,4610 Pacific Hwy,0
20,Carefree Vacations,Carefree Vacations,2015-04-07,storefront,878 Eastlake Pkwy  Suite # 1310,0
21,Subway,Subway,2015-04-07,storefront,3298 Greyling Dr,0
22,Genesee Plaza Cleaners,Genesee Plaza Cleaners,2015-04-07,storefront,4203 Genesee Ave,0
24,Health Point Wellness Clinic,Health Point Wellness Clinic,2015-04-07,storefront,9450 Scranton Rd,0
25,C and D Cycles,C and D Cycles,2015-04-07,storefront,4927 Convoy St,1
26,Bergen And Brasier,Bergen And Brasier,2015-04-07,storefront,5710 Kearny Villa Rd,1
27,Champagne Spas,Champagne Spas,2015-04-07,storefront,5710 Kearny Villa Rd,1
28,La Mesa Chiropratic,La Mesa Chiropratic,2015-04-07,storefront,4690 Nebo Dr,0
29,Cal Accounts,Cal Accounts,2015-04-08,,323 Van Houten Ave,0
30,G.T.M. Discount #2,G.T.M. Discount #2,2015-04-08,,7663 Broadway,1
36,Palomar Cleaners,Palomar Cleaners,2015-04-08,,7870 Broadway,0
37,Dell Enterprises,Dell Enterprises,2015-04-08,,7949 Broadway,1
38,Steiger Floral & Arts,Steiger Floral & Arts,2015-04-08,,8057 Broadway,0
39,American Licensing,American Licensing,2015-04-08,storefront,5232 Jackson Dr,0
40,Roccoforte Hair,Roccoforte Hair,2015-04-08,storefront,8131 La Mesa Blvd,0
41,Rick Gallery and Framing,Rick Gallery and Framing,2015-04-08,storefront,8808 La Mesa Blvd,0
42,La Mesa Glass,La Mesa Glass,2015-04-08,,8710 Railroad Avenue,1
43,Socal Engineering,Socal Engineering,2015-04-08,,7354 Trade St,0
46,Trader Joes # 26,Trader Joes # 26,2015-04-08,,1190 University Ave,1
47,G.T.M Discount #1,G.T.M Discount #1,2015-04-08,storefront,8967 Carlton Hills Blvd,1
51,Gosch Ford Escondido,Gosch Ford Escondido,2015-04-08,,1717 Auto Park Way,0
53,Trader Joes #24,Trader Joes #24,2015-04-08,,5495 Grossmont Blvd,1
54,Tru Hair Salon,Tru Hair Salon,2015-04-08,,9625 Black Mountain Rd,0
56,Trader Joes # 222,Trader Joes # 222,2015-04-09,,1072 Camino Del Rio N,1
59,Outrageous Rugs,Outrageous Rugs,2015-04-09,,7126 Miramar Rd,1
60,Top Buns Sandwich,Top Buns Sandwich,2015-04-09,,7128 Miramar Rd,0
61,Cosmopolitian Cleaners,Cosmopolitian Cleaners,2015-04-09,storefront,9450 Scranton Rd,0
62,Sorento Valley Optomertic,Sorento Valley Optomertic,2015-04-09,,9450 Scranton Rd,0
64,Sherwood Mechanical,Sherwood Mechanical,2015-04-09,,6630 Top Gun St,1
66,San Diego Shade,San Diego Shade,2015-04-09,,7354 Trade St,1
67,Trader Joes #188,Trader Joes #188,2015-04-09,,2401 Truxtun Rd,1
68,Newen Enterprises,Newen Enterprises,2015-04-09,,1250 Pacific Oaks Pl,1
69,Trader Joes # 20,Trader Joes # 20,2015-04-09,,8657 La Jolla Village Dr,1
70,Trader Joes # 21,Trader Joes # 21,2015-04-09,,1211 Garnet Ave,1
73,Sprouts # 2,Sprouts # 2,2015-04-10,,690 Thrid Ave.,1
75,Cumming Chevrolet,Cumming Chevrolet,2015-04-10,,2301 National City Blvd,1
76,Hyde Edwards,Hyde Edwards,2015-04-10,,2308 Kettner Blvd,1
77,Luxe Hair Studio,Luxe Hair Studio,2015-04-10,,1111 Fort Stockton Dr,0
78,Edward D. Jones,Edward D. Jones,2015-04-10,,1111 Fort Stockton Dr,1
80,Rbs/Bluemotif Architecture,Rbs/Bluemotif Architecture,2015-04-10,,2311 Kettner Blvd,0
81,Compass Real Estate,Compass Real Estate,2015-04-10,storefront,1625 W Lewis St,1
82,U.P.S Store,U.P.S Store,2015-04-10,,302 Washington St,1
89,Check into Cash #940,Check into Cash #940,2015-04-13,,1965 El Cajon Blvd,0
91,Mission Hills Fabric,Mission Hills Fabric,2015-04-13,storefront,1604 W Lewis St,0
93,Lancetown Industries  Inc - Powers Plumbing,Lancetown Industries  Inc - Powers Plumbing,2015-04-13,storefront,1705 W Lewis St,1
95,G.T.M Office,G.T.M Office,2015-04-13,,Gillespie Way,1
96,Solo Beauty Botique,Solo Beauty Botique,2015-04-13,storefront,7853 El Cajon Blvd,0
97,Bit Company,Bit Company,2015-04-13,,8085 La Mesa Blvd,1
99,Box Galaxy,Box Galaxy,2015-04-13,storefront,7465 Mission Gorge Rd,0
100,Drinking Water,Drinking Water,2015-04-13,storefront,235 Town Center Pkwy,0
101,Sew Pros #1,Sew Pros #1,2015-04-13,,393 Broadway,1
102,Citi Dental Rancho,Citi Dental Rancho,2015-04-13,,2451 Jamacha Rd,1
103,Broadway Coin & Stamp,Broadway Coin & Stamp,2015-04-13,,473 Broadway,0
104,Check into Cash # 937,Check into Cash # 937,2015-04-13,,1224 Broadway,0
105,Sams Shoes,Sams Shoes,2015-04-13,,484 W Main St,0
106,The Barbecue Pit,The Barbecue Pit,2015-04-13,,2388 Fletcher Pkwy,1
123,Mount Miguel Convenant Village,Mount Miguel Convenant Village,2015-04-16,,325 Kempton St,0
124,Cambridge Square HOA,Cambridge Square HOA,2015-04-16,HOA,350 Nutmeg St,0
125,Citi Dental,Citi Dental,2015-04-17,,290 E Douglas Ave,1
126,7-11 #5,7-11 #5,2015-04-17,,2270 Fletcher Pkwy,0
127,Darel Kennedy's,Darel Kennedy's,2015-04-17,,2276 Fletcher Pkwy,0
128,Honey B Silk- Signs,Honey B Silk- Signs,2015-04-17,,2284 Fletcher Pkwy,0
129,Diamond Creation,Diamond Creation,2015-04-17,,751 Jamacha Rd,0
130,Dr. Kerry Booth,Dr. Kerry Booth,2015-04-17,,2990 Jamacha Rd,0
132,Cory's Closet,Cory's Closet,2015-04-17,,3745 Avocado Blvd,0
133,Salvation Army,Salvation Army,2015-04-17,,4170 Balboa Ave,0
134,Trader Joes # 23,Trader Joes # 23,2015-04-17,,11955 Carmel Mountain Rd,0
135,Quality Tax Service,Quality Tax Service,2015-04-17,,9829 Campo Rd,1
136,Minor Construction,Minor Construction,2015-04-17,,301 Enterprise St,1
139,Baker Electric - 1298 building,Baker Electric - 1298 building,2015-04-18,,1298 Pacific Oaks Pl,0
140,California Coast Credit Union - Genesee,California Coast Credit Union - Genesee,2015-04-18,,4265 Genesee Ave,0
141,Oggi's Pizza & Brewing,Oggi's Pizza & Brewing,2015-04-18,,2562 Laning Rd,0
142,Punjabi- Tandoor,Punjabi- Tandoor,2015-04-18,,5425 Morehouse Dr,0
145,California Coast Credit Union - Chula Vista,California Coast Credit Union - Chula Vista,2015-04-21,,386 E H St,1
156,La Costa Glen,La Costa Glen,2015-04-26,,1940 Levante Street,1
157,California Coast Credit Union - Poway,California Coast Credit Union - Poway,2015-04-27,,13616 Poway Rd,0
158,Trader Joes #221,Trader Joes #221,2015-04-27,,9850 Hibert St,1
159,Trader Joes #220,Trader Joes #220,2015-04-27,,2629 Gateway Road,1
160,California Coast Credit Union - Escondido,California Coast Credit Union - Escondido,2015-04-27,,962 W Valley Pkwy,0
161,Trader Joes #105,Trader Joes #105,2015-04-27,,1885 Centre City Pkwy,1
162,Del Mar Hts Medical Building,Del Mar Hts Medical Building,2015-04-27,,13983 Mango Dr,1
163,Mathnasium,Mathnasium,2015-04-27,storefront,3435 Del Mar Heights Rd,0
164,Coin Op Laundry,Coin Op Laundry,2015-04-27,storefront,2606 Del Mar Heights Rd,0
165,Trader Joes #25,Trader Joes #25,2015-04-27,,115 N El Camino Real,1
166,Champagne Spals,Champagne Spals,2015-04-27,,1540 Encinitas Blvd,0
167,Invision Boutique,Invision Boutique,2015-04-27,storefront,3830 Valley Centre Dr,1
168,Royal Dance Academy,Royal Dance Academy,2015-04-27,storefront,3880 Valley Centre Dr,0
169,Edward D Jones,Edward D Jones,2015-04-27,storefront,12750 Carmel Country Rd,1
171,D&S Construction,D&S Construction,2015-04-27,,1277 Pacific Oaks Pl,0
172,Trader Joes #22,Trader Joes #22,2015-04-27,,2570 Vista Way,1
173,California Coast Credit Union - Oceanside,California Coast Credit Union - Oceanside,2015-04-27,storefront,3485 Marron Rd,0
174,California  Coast Credit Union,California  Coast Credit Union,2015-04-27,,140 Knoll Rd,0
178,Hansen Real Estate Building,Hansen Real Estate Building,2015-04-28,,667 N Escondido Blvd,0
183,Space San Diego,Space San Diego,2015-04-30,,1531 Pacific Highway,0
184,Mission Hills Financial,Mission Hills Financial,2015-04-30,storefront,1633 W Lewis St,1
185,Watchlight Corporation,Watchlight Corporation,2015-04-30,storefront,111 S Marshall Ave,1
190,Valley Center Dental,Valley Center Dental,2015-05-01,Notify - 3 days,28743 Valley Center Rd # A,1
199,Aqua Clean (Aldila Building),Aqua Clean (Aldila Building),2015-05-05,,13450 Stowe Dr,0
200,Gordon and Holmes,Gordon and Holmes,2015-05-05,,223 W Date St,0
201,Gateway,Gateway,2015-05-05,,800 W Valley Pkwy,0
207,Wells Fargo -San Ysidro,Wells Fargo -San Ysidro,2015-05-09,,637 E San Ysidro Blvd,0
211,SAFETY MEETING,SAFETY MEETING,2015-05-12,,740 Metcalf St,1
219,Mckowskis (K-Tube),Mckowskis (K-Tube),2015-05-15,,13400 Kirkham Way,0
220,Fitting for Uniforms,Fitting for Uniforms,2015-05-15,,460 W California Ave,0
222,Training,Training,2015-05-16,,740 Metcalf St,0
229,Wells Fargo - Chula Vista -Birch,Wells Fargo - Chula Vista -Birch,2015-05-21,,2160 Birch Rd,0
230,Wells Fargo - Chula Vista - Third Ave,Wells Fargo - Chula Vista - Third Ave,2015-05-21,,826 3rd Ave,0
231,Vista Paint - Kearny Mesa,Vista Paint - Kearny Mesa,2015-05-22,,5700 Kearny Villa Road,0
232,Vista Paint - Morena Blvd,Vista Paint - Morena Blvd,2015-05-22,,1103 Morena Blvd,0
233,Vista Paint - Chula Vista,Vista Paint - Chula Vista,2015-05-22,,15 N 4th Ave,0
234,Vista Paint - El Cajon,Vista Paint - El Cajon,2015-05-22,,1220 N Magnolia Ave,0
235,Vista Paint - Encinitas,Vista Paint - Encinitas,2015-05-22,,133 N El Camino Real,0
236,Vista Paint - Escondido,Vista Paint - Escondido,2015-05-22,,602 N Escondido Blvd,0
237,Vista Paint - Vista,Vista Paint - Vista,2015-05-22,,611 Sycamore Ave,0
238,Wells Fargo - El Cajon - 2nd St,Wells Fargo - El Cajon - 2nd St,2015-05-24,,250 N 2nd St,0
239,Wells Fargo - El Cajon - Jamacha Rd,Wells Fargo - El Cajon - Jamacha Rd,2015-05-24,,2366 Jamacha Rd,0
241,Cross Connection,Cross Connection,2015-05-26,,1675 7 Oakes Rd,1
242,Wells Fargo - Kearny Mesa,Wells Fargo - Kearny Mesa,2015-05-26,,9360 Clairemont Mesa Blvd,0
243,Wells Fargo - National City,Wells Fargo - National City,2015-05-26,,1199 Highland Ave,0
244,Wells Fargo -Saturn Blvd,Wells Fargo -Saturn Blvd,2015-05-26,,685 Saturn Blvd,0
245,Wells Fargo - Lemon Grove,Wells Fargo - Lemon Grove,2015-05-26,,7080 Broadway,0
246,Mohnacky Animal Hospital,Mohnacky Animal Hospital,2015-05-26,storefront,2250 S Escondido Blvd,1
247,Acacia Animal Health Center,Acacia Animal Health Center,2015-05-26,,655 W Citracado Pkwy,1
248,Jackalynn Wilson Salon,Jackalynn Wilson Salon,2015-05-26,,7843 Girard Ave,1
249,Sculpt Noveau,Sculpt Noveau,2015-05-26,,570 N Tulip St,0
252,West Tech Contr. Inc,West Tech Contr. Inc,2015-05-26,,568 N Tulip St,1
254,Dr. Parcels,Dr. Parcels,2015-05-27,,941 Broadway,0
257,Cline Design,Cline Design,2015-05-27,storefront,629 W Grand Ave,0
258,Wells Fargo - Point Loma,Wells Fargo - Point Loma,2015-05-27,,1205 Rosecrans St,0
259,Wells Fargo - Mission Hills,Wells Fargo - Mission Hills,2015-05-27,,510 W Washington St,0
260,Ahern - McKowskies,Ahern - McKowskies,2015-05-27,,10529 Vine St,0
263,Dr. Hagestrom,Dr. Hagestrom,2015-05-27,,8923 La Mesa Blvd,1
264,DANNY SCHOOL,DANNY SCHOOL,2015-05-27,,Copeland Ave,0
282,Wells Fargo - in Vons 92123,Wells Fargo - in Vons 92123,2015-06-05,,3550 Murphy Canyon Rd,0
290,Baskin Robbins,Baskin Robbins,2015-06-10,,3830 Valley Centre Dr,0
310,Air Com Leasing,Air Com Leasing,2015-06-12,,Areo Rd,0
313,Wells Fargo - Lake Murray Blvd,Wells Fargo - Lake Murray Blvd,2015-06-13,,5610 Lake Murray Blvd,0
314,Wells Fargo - Broadway Chula Vista,Wells Fargo - Broadway Chula Vista,2015-06-13,,1232 Broadway,0
331,Locks of Luv,Locks of Luv,2015-06-18,storefront,501 S Escondido Blvd,0
337,Aubree Glen Development HOA,Aubree Glen Development HOA,2015-06-19,HOA,1920 Bassett Ln,0
348,Leslie Pool's,Leslie Pool's,2015-06-26,,1611 Centre City Pkwy,0
349,Villa Bonita,Villa Bonita,2015-06-26,,3434 Bonita Rd,0
350,Roma's Market,Roma's Market,2015-06-26,,1054 W Valley Pkwy,0
362,Wells Fargo - Coronado,Wells Fargo - Coronado,2015-06-30,,829 Orange Ave,0
366,Par Electric,Par Electric,2015-07-02,,525 Corporate Dr,0
374,Camp Run a Mutt,Camp Run a Mutt,2015-07-09,,910 Armorlite Dr,0
376,Las Villas El Norte Retirement & Health Care,Las Villas El Norte Retirement & Health Care,2015-07-10,,1325 Las Villas Way,0
377,Glenbrook Assisted Living / La Costa Glen,Glenbrook Assisted Living / La Costa Glen,2015-07-10,,,0
379,Falcon Sales,Falcon Sales,2015-07-12,,2598 Fortune Way,0
384,Wheelihan Construction,Wheelihan Construction,2015-07-13,,2598 Fortune Way,1
385,Blue Sky Energy,Blue Sky Energy,2015-07-13,,2598 Fortune Way,1
398,California Coast Credit Union - La Mesa,California Coast Credit Union - La Mesa,2015-07-20,,8002 La Mesa Blvd,1
399,California Coast Credit Union - Hillcrest,California Coast Credit Union - Hillcrest,2015-07-20,,1060 University Ave,0
400,California Coast Credit Union - Normal Heights,California Coast Credit Union - Normal Heights,2015-07-20,,4470 Park Blvd,0
406,California Coast Credit - Mira Mesa,California Coast Credit - Mira Mesa,2015-07-20,,8220 Mira Mesa Blvd,0
408,California Coast Credit Union - Genesee (duplicate with PW h,California Coast Credit Union - Genesee (duplicate with PW h,2015-07-20,,4265 Genesee Ave,0
409,California Coast Credit Union - Santee,California Coast Credit Union - Santee,2015-07-20,,9808 Mission Gorge Rd,1
416,Park Loft COA,Park Loft COA,2015-07-24,,877 Island Ave,0
436,Assemblies Supply,Assemblies Supply,2015-08-04,,1250 Pacific Oaks Place,0
447,Killion Industries #1,Killion Industries #1,2015-08-06,,2811 La Mirada,1
448,Killion Industries #2,Killion Industries #2,2015-08-06,,2480 Ash St,1
449,Killion Industries #3 - Corp,Killion Industries #3 - Corp,2015-08-06,,1370 Poinsettia Ave,1
451,Killion Industries #4,Killion Industries #4,2015-08-06,,1380 Poinsettia Ave,1
452,Killion Industries #5,Killion Industries #5,2015-08-06,,2490 Ash St,1
461,Dr. Ewing DDS,Dr. Ewing DDS,2015-08-12,,3340 Kemper St,0
462,Derby Terrace / 3 Residental Buildings,Derby Terrace / 3 Residental Buildings,2015-08-12,,14103 Old El Camino Real,0
472,Premire Properties House,Premire Properties House,2015-08-17,,5482 Alexandrine Court,0
473,Taurus Builders- Oceanside Property,Taurus Builders- Oceanside Property,2015-08-17,,1803 S Myers St,0
475,Car Pool,Car Pool,2015-08-18,,740 Metcalf Street,0
479,The Lodge at Torrey Pines,The Lodge at Torrey Pines,2015-08-25,,11480 N Torrey Pines Rd,0
489,Sunrise Buffet,Sunrise Buffet,2015-09-01,,3860 Ostrow St #121,0
492,Parkwest Condominiums,Parkwest Condominiums,2015-09-03,HOA,2700 2nd Ave,0
503,Thor MX,Thor MX,2015-09-10,,12267 Crosthwaite Cir,0
506,Escondido Museum,Escondido Museum,2015-09-11,storefront,457 E. Grand Ave,0
516,Wells Fargo - Grossmont,Wells Fargo - Grossmont,2015-09-20,,5500 Grossmont Center Dr,0
517,Wells Fargo - El Cajon - Avocado Ave,Wells Fargo - El Cajon - Avocado Ave,2015-09-20,,1201 Avocado Ave,0
524,California Coast Credit Union -,California Coast Credit Union -,2015-09-25,,4285 Ruffin Rd,0
526,Wells Fargo - Alpine,Wells Fargo - Alpine,2015-09-25,,1522 Highlands View Rd,0
542,Paradise Insurance,Paradise Insurance,2015-09-29,storefront,501 S Escondido Blvd,0
547,Hanson Real Estate -2,Hanson Real Estate -2,2015-10-02,,1205-1209 S Escondido Blvd,0
565,All Saints Lutheran,All Saints Lutheran,2015-10-09,,6355 Radcliff,0
575,American Door and Trim,American Door and Trim,2015-10-09,,11639 Riverside dr,0
578,Miracle Ear,Miracle Ear,2015-10-13,storefront,559 H St,0
600,Agree Corporatior,Agree Corporatior,2015-10-20,,9550 Pathway Street,0
620,La Mesa Village Apts,La Mesa Village Apts,2015-10-22,,7914 La Mesa Blvd,0
634,Club Pilates,Club Pilates,2015-10-30,storefront,12145 Alta Carmel Drive,0
676,Donahue Schrieber Prop Mgmt,Donahue Schrieber Prop Mgmt,2015-11-25,storefront,2628 Del Mar Heights Rd,0
693,California Coast Credit Union,California Coast Credit Union,2015-12-02,,429 Santa Fe Drive,0
714,Community Church-,Community Church-,2015-12-14,,251 Palomar Ave,0
717,Ready America,Ready America,2015-12-15,,1150 Simpson Way,0
724,Shay Chiropractic,Shay Chiropractic,2015-12-28,,10720 Thornmint Road,0
726,San Diego Coin and Bullion,San Diego Coin and Bullion,2015-12-28,storefront,7420 Clairemont Mesa Boulevard,0
731,IE Pacific Inc,IE Pacific Inc,2015-12-31,Notify - 3 days,150 West Crest Street,1
735,Escondido Feed Store,Escondido Feed Store,2016-01-08,,649 Rock Springs Road,1
742,Wells Fargo - Euclid Ave,Wells Fargo - Euclid Ave,2016-01-12,,346 Euclid Avenue,0
743,Wells Fargo - Hillcrest,Wells Fargo - Hillcrest,2016-01-12,,1220 Cleveland Avenue,0
745,Wells Fargo - Friars,Wells Fargo - Friars,2016-01-16,,5624 Mission Center Road,0
749,SearSucker Restaurant,SearSucker Restaurant,2016-01-22,,12995 El Camino Real,0
758,Wells Fargo - Girard Ave.,Wells Fargo - Girard Ave.,2016-01-29,,7714 Girard Avenue,0
761,Santo Sushi,Santo Sushi,2016-01-30,,10432 Clairemont Mesa Boulevard,0
762,Dave Sykes Building,Dave Sykes Building,2016-02-01,,10140 Mesa Rim Road,0
771,Prime Electrical Services,Prime Electrical Services,2016-02-04,,480 Enterprise Street,1
774,Donahue Schriber Realty Group,Donahue Schriber Realty Group,2016-02-05,Property Manager,12925 El Camino Real,0
779,Premier Roofing Contracting,Premier Roofing Contracting,2016-02-11,,9054 Olive Drive,0
797,Mckowskis Maint/Event Networks,Mckowskis Maint/Event Networks,2016-02-24,,9606 Aero Drive,0
807,Class - Mineral spot removal,Class - Mineral spot removal,2016-03-07,,5797 Chesapeake Court,0
841,Mcdonalds,Mcdonalds,2016-03-17,,4449 Camino De La Plaza,0
845,Royal Dance Academy,Royal Dance Academy,2016-03-18,,11494 Sorrento Valley Road,0
876,Wells Fargo Advisors,Wells Fargo Advisors,2016-03-23,,600 West Broadway,0
886,J Craig Venter Institute,J Craig Venter Institute,2016-03-24,,4120 Capricorn Way,0
906,California Coast Credit Union,California Coast Credit Union,2016-03-31,,32170 Temecula Parkway,0
910,A-Mart,A-Mart,2016-04-07,,1255 Imperial Avenue,0
918,Baker Electric - 1218 building,Baker Electric - 1218 building,2016-04-14,,1218 Pacific Oaks Place,0
1060,Tim no work,Tim no work,2016-04-27,,,0
1061,Wells Fargo - Bonita,Wells Fargo - Bonita,2016-04-29,,4180 Bonita Road,0
1366,Wells Fargo Pacific Beach,Wells Fargo Pacific Beach,2016-05-24,,1302 Garnet Avenue,0
1445,GNC,GNC,2016-06-02,storefront,11950 Carmel Mountain Road,0
1469,Wells Fargo - Santee,Wells Fargo - Santee,2016-06-10,,9771 Mission Gorge Road,0
1480,Fitness Direct,Fitness Direct,2016-06-11,storefront,8063 Balboa Avenue,0
1483,Love Scrubs,Love Scrubs,2016-06-14,storefront,705 Center Drive,0
1486,Richie Unavailable,Richie Unavailable,2016-06-14,,,0
1518,Finkbiner Apartment Building,Finkbiner Apartment Building,2016-06-17,,3645 Arizona Street,1
1521,Wheelihan Construction Building,Wheelihan Construction Building,2016-06-17,,420 South Broadway,0
1522,Integra R and D BLIND INSTALL,Integra R and D BLIND INSTALL,2016-06-19,,10085 Scripps Ranch Court,0
1660,Coin Op Laundry,Coin Op Laundry,2016-06-27,,3043 Clairemont Drive,1
1780,Fortune Way LLC,Fortune Way LLC,2016-06-28,Notify - 3 days,2580 Fortune Way,0
1867,Wells Fargo,Wells Fargo,2016-06-29,,3954 W Pt Loma Dr,0
2057,Skyline Sunroom,Skyline Sunroom,2016-07-13,,1955 Cordell Court,0
2122,G.T.M. #4,G.T.M. #4,2016-07-13,,6021 Corporate Center Drive,0
2266,Southland Electric,Southland Electric,2016-07-21,,4950 Greencraig Lane,1
2422,Bit Company,Bit Company,2016-07-25,,8085 La Mesa Boulevard,0
2505,La Costa Glen Health Center,La Costa Glen Health Center,2016-07-27,,1940 Levante Street,0
2511,La Mesa Village Chiropractic,La Mesa Village Chiropractic,2016-07-27,,4690 Nebo Drive,0
2520,Escondido Adult School,Escondido Adult School,2016-07-27,,220 West Crest Street,0
2653,Three Arch Capital,Three Arch Capital,2016-08-02,Property Manager,19450 Paradise Mountain Road,0
2729,Wells Fargo - 790 Otay,Wells Fargo - 790 Otay,2016-08-09,,790 Otay Lakes Road,0
2730,Wells Fargo - Garnet,Wells Fargo - Garnet,2016-08-09,,1302 Garnet Avenue,0
2751,Wells Fargo - Balboa,Wells Fargo - Balboa,2016-08-16,,5522 Balboa Avenue,0
2896,Wells Fargo - Chula Vista - H st.,Wells Fargo - Chula Vista - H st.,2016-08-22,,444 H Street,0
2899,Wells Fargo - 1st ave,Wells Fargo - 1st ave,2016-08-22,,610 1st Avenue,0
2902,Assistance League,Assistance League,2016-08-22,,108 University Avenue,0
2913,California Coast - Murrieta,California Coast - Murrieta,2016-08-22,,24716 Madison Avenue,1
2930,Wells Fargo - Avocado - El cajon,Wells Fargo - Avocado - El cajon,2016-08-24,,1235 Avocado Avenue,0
3037,Eastlake Self Storage,Eastlake Self Storage,2016-08-30,,2351 Boswell Road,0
3113,Hot Seat Salon,Hot Seat Salon,2016-09-06,storefront,1224 Broadway,0
3223,Velton Tower,Velton Tower,2016-09-23,,2397 Fletcher Pkway,0
3243,Top Hat Catering,Top Hat Catering,2016-09-28,,8053 Broadway,0
3307,State Farm,State Farm,2016-10-04,,8059 Broadway,0
3320,Mohnacky Animal Hospital,Mohnacky Animal Hospital,2016-10-07,,2505 South Vista Way,0
3406,Marcon Engineering,Marcon Engineering,2016-10-20,,876 North Broadway,0
3426,ELRC,ELRC,2016-11-03,,530 Corporate Drive,0
3518,Wells Fargo - 2265 Otay - Chula Vista,Wells Fargo - 2265 Otay - Chula Vista,2016-11-14,,2265 Otay Lakes Road,0
3567,California Labor Force,California Labor Force,2016-11-22,storefront,5597 Clairemont Mesa Boulevard,0
3586,Robin Hilton Professional Land and Tree Maintenance,Robin Hilton Professional Land and Tree Maintenance,2016-11-30,storefront,9265 Dowdy Drive,0
3591,Goodbye lunch for curran and Christmas,Goodbye lunch for curran and Christmas,2016-12-06,,150 West Grand Avenue,0
3593,COMM USA,COMM USA,2016-12-12,,2229 Enterprise Street,0
3598,California Coast - Menifee,California Coast - Menifee,2016-12-21,,30015 Haun Road,1
3601,Wells Fargo - Fashion Valley,Wells Fargo - Fashion Valley,2017-01-10,,1350 Fashion Valley Road,0
3603,California Coast - Scripps Ranch,California Coast - Scripps Ranch,2017-01-16,,9825 Mira Mesa Boulevard,1
3620,Trader Joes #222,Trader Joes #222,2017-02-13,,1072 Camino Del Rio North,1
3638,Talia First,Talia First,2017-02-15,,1300 North Johnson Avenue,0
3639,United Rental,United Rental,2017-02-16,,1960 West Mission Road,0
3698,Rue 21 #1134,Rue 21 #1134,2017-02-24,,200 East Via Rancho Parkway,0
3708,California Coast - J Street,California Coast - J Street,2017-03-03,,777 J Street,1
3709,California Coast Credit Union - El Cajon,California Coast Credit Union - El Cajon,2017-03-06,,898 Jackman Street,0
3716,GTM Store #3,GTM Store #3,2017-03-15,storefront,6021 Business Center Court,0
3725,Altimus Properties,Altimus Properties,2017-03-31,,336 Oxford Street,0
3744,California Coast Credit Union,California Coast Credit Union,2017-04-28,,24716 Madison Avenue,0
3749,California Coast - National City,California Coast - National City,2017-05-04,,1704 Sweetwater Road,0
3750,Pannel Construction,Pannel Construction,2017-05-04,,30227 Castlecrest Drive,0
3753,Coldwell Banker West,Coldwell Banker West,2017-05-13,storefront,2382 Fletcher Parkway,0
3754,Trader Joes #224,Trader Joes #224,2017-05-14,storefront,5140 College Avenue,1
3756,Legends Athletic Performance,Legends Athletic Performance,2017-05-15,storefront,1220 Broadway,0
3757,Mercedes Benz of Escondido,Mercedes Benz of Escondido,2017-05-16,,1101 West 9th Avenue,0
3762,Dr. Philip Bosch,Dr. Philip Bosch,2017-05-23,Notify - 2 weeks,651 East Pennsylvania Avenue,1
3770,California Coast - Murrieta Hot Springs,California Coast - Murrieta Hot Springs,2017-05-27,,40230 Murrieta Hot Springs Road,1
3778,CLI World Wide,CLI World Wide,2017-06-16,,1808 Don Lee Place,0
3779,DDH Enterprise,DDH Enterprise,2017-06-19,Notify - 3 days,2220 Oak Ridge Way,0
3785,Premier Properties,Premier Properties,2017-06-23,,351 Gardendale Road,0
3792,La Sorpresa,La Sorpresa,2017-06-27,,850 East Valley Parkway,0
3820,Go Wireless,Go Wireless,2017-07-31,storefront,1220 Auto Park Way,0
3903,Joan Ferris Office Building,Joan Ferris Office Building,2017-09-15,,1801 Borden Road,0
3904,Del Mar Highlands Town Center,Del Mar Highlands Town Center,2017-09-18,Property Manager,12925 El Camino Real,0
3905,So-Cal Countertops,So-Cal Countertops,2017-09-19,storefront,120 North Pacific Street,0
3913,W & W Wholesale,W & W Wholesale,2017-10-03,,2323 Avenida Costa Este,0
3919,GTM Discount #4,GTM Discount #4,2017-10-17,storefront,1315 3rd Avenue,1
3921,Dr Alarcon,Dr Alarcon,2017-10-18,,925 East Pennsylvania Avenue,0
3925,Sterling Investments,Sterling Investments,2017-10-25,,,0
3926,Wells Fargo - Dennery Road 92154,Wells Fargo - Dennery Road 92154,2017-10-26,,640 Dennery Road,0
3965,Wells Fargo - El Cajon Blvd,Wells Fargo - El Cajon Blvd,2018-01-26,,3299 El Cajon Boulevard,0
3971,Rainbow Int'l of San Diego County,Rainbow Int'l of San Diego County,2018-02-05,,5433 Triple Crown Drive,0
3973,California Coast Credit Union -  Eastlake,California Coast Credit Union -  Eastlake,2018-02-15,,1741 Eastlake Parkway,0
3976,Edward Jones,Edward Jones,2018-02-23,,1010 Turquoise Street,0
3981,Vulcan Construction,Vulcan Construction,2018-03-02,,305-1 Enterprise St,0
3984,MTS Investments,MTS Investments,2018-03-09,storefront,703 16th Street,0
4004,Fred Woolman Designs,Fred Woolman Designs,2018-04-24,,144 South Grape Street,0
4034,Ford of Escondido - OIL CHANGE,Ford of Escondido - OIL CHANGE,2018-06-06,,,0
4037,RVM Construction Inc.,RVM Construction Inc.,2018-06-12,,6700 Avena Court East,0
4042,Golf Mart,Golf Mart,2018-06-22,storefront,1066 West Valley Parkway,0
4047,"KEDCS-WR, LP","KEDCS-WR, LP",2018-07-02,,2066 Wineridge Place,0
4068,Real Estate Center,Real Estate Center,2018-07-20,Property Management Company,7177 Willet Circle,0
4070,Trafalger Square,Trafalger Square,2018-07-22,storefront,1310 East Valley Parkway,0
4074,Turley Law Firm,Turley Law Firm,2018-07-26,,7428 Trade Place,0
4080,"Exponents- ABCJ,LLC","Exponents- ABCJ,LLC",2018-07-30,,9485 Customhouse Plaza,0
4098,McKowskis,McKowskis,2018-08-18,,301 Mission Villas Road,0
4104,Wells Fargo - Camino Canada Square,Wells Fargo - Camino Canada Square,2018-08-26,,13465 Camino Canada,0
4110,Henry Avocado Corporation,Henry Avocado Corporation,2018-09-04,,2208 Harmony Grove Road,0
4113,Baker Electric - Payroll Dept,Baker Electric - Payroll Dept,2018-09-08,,1223 Pacific Oaks Place,0
4168,Mission Grove Community Association,Mission Grove Community Association,2018-12-28,HOA,440 Penelope Drive,0
4190,6ix at North Park,6ix at North Park,2019-02-20,,3047 North Park Way,0
4195,Acme Window Cleaning (Richie Evans),Acme Window Cleaning (Richie Evans),2019-03-13,,4601 Park Boulevard,0
4202,Boulder Point,Boulder Point,2019-03-23,,8720 Sage Shadow Drive,0
4205,ARS National,ARS National,2019-03-26,,201 West Grand Avenue,0
4212,Baker Electric - 1282,Baker Electric - 1282,2019-04-09,,1282 Pacific Oaks Place,0
4219,March and Ash,March and Ash,2019-04-18,,2835 Camino del Rio South,0
4239,Interfaith Community Services,Interfaith Community Services,2019-05-22,,550 West Washington Avenue,0
4255,Window Magic,Window Magic,2019-06-10,,740 Metcalf Street,0
4283,McKee Commercial,McKee Commercial,2019-07-11,,756 D Avenue,0
4364,Mar and Associates,Mar and Associates,2019-10-21,storefront,640 West Mission Avenue,0
4375,Wells Fargo - Navajo,Wells Fargo - Navajo,2019-11-07,,8898 Navajo Road,0
4376,Wells Fargo - Fletcher,Wells Fargo - Fletcher,2019-11-07,,475 Fletcher Parkway,0
4378,Wells Fargo - 63rd st,Wells Fargo - 63rd st,2019-11-08,,4690 63rd Street,0
4389,AMK Property Management,AMK Property Management,2019-11-27,Property Management Company,3435 Camino del Rio South,0
4398,John Horgan Design Build,John Horgan Design Build,2019-12-17,,8647 Indian Hill Road,0
4400,California Coast Credit Union,California Coast Credit Union,2019-12-24,,3202 Governor Drive,0
4405,"OCS Lighting & Control, Inc.","OCS Lighting & Control, Inc.",2020-02-06,,12255 Parkway Centre Drive,0
4413,California Coast Credit Union,California Coast Credit Union,2020-02-25,,3202 Governor Drive,0
4445,Barabbas Road Church,Barabbas Road Church,2020-06-04,,5710 Kearny Villa Road,0
4465,Extra Space Storage,Extra Space Storage,2020-06-23,,3085 Del Sol Boulevard,0
4491,North County Self Storage,North County Self Storage,2020-08-11,,3661 Sunset Drive,0
4497,Talking Bibles International,Talking Bibles International,2020-08-13,,419 East Grand Avenue,0
4530,Sunmaster Corp,Sunmaster Corp,2020-09-29,,276 Trade Street,0
4543,The Relationship Place,The Relationship Place,2020-10-16,,2729 Fourth Avenue,0
4548,Isabela Skincare,Isabela Skincare,2020-10-23,,1111 Fort Stockton Drive,1
4556,QP Technologies,QP Technologies,2020-11-06,Notify - 2 weeks,2063 Wineridge Place,1
4562,Progressive Windows,Progressive Windows,2020-11-18,,1111 Fort Stockton Drive,0
4582,Premium Packaging,Premium Packaging,2020-12-16,,946 South Andreasen Drive,0
4589,Manna Construction,Manna Construction,2021-01-11,,,0
4599,Genesis Woodworking,Genesis Woodworking,2021-02-18,,125 S. Market Place,0
4612,Studio Barre,Studio Barre,2021-03-11,,7845 Highlands Village Place,0
4616,James Hood Guitar Repair,James Hood Guitar Repair,2021-03-15,,2750 Auto Park Way,0
9651,Hurst Dental Care,Hurst Dental Care,2016-12-03,Acme Clean Glass,4690 Genesee Avenue,0
9652,AB Sporting Goods,AB Sporting Goods,2016-12-03,Acme Clean Glass,3027 University Avenue,0
9653,Douglas Saboe Hair Design,Douglas Saboe Hair Design,2016-12-03,Acme Clean Glass,3808 Grim Avenue,0
9654,The Girl Can't Help It,The Girl Can't Help It,2016-12-03,Acme Clean Glass,3806 Grim Avenue,0
9656,Le Stat's (Hillcrest),Le Stat's (Hillcrest),2016-12-04,Acme Clean Glass,1045 University Avenue,0
9657,Green Fresh Florals,Green Fresh Florals,2016-12-04,Acme Clean Glass,3993 Goldfinch Street,1
9658,Salon Bordeaux,Salon Bordeaux,2016-12-04,Acme Clean Glass,3393 Adams Avenue,1
9659,Relax The Back (Hillrest),Relax The Back (Hillrest),2016-12-04,Acme Clean Glass,1205 University Avenue,0
9660,Heartwork Coffee Bar,Heartwork Coffee Bar,2016-12-04,Acme Clean Glass,3993 Goldfinch Street,0
9661,Lestat's (University Heights),Lestat's (University Heights),2016-12-04,Acme Clean Glass,4496 Park Boulevard,0
9662,Cal-Coast Bicycles,Cal-Coast Bicycles,2016-12-04,Acme Clean Glass,3020 Adams Avenue,0
9663,LeStat's (Normal Heights),LeStat's (Normal Heights),2016-12-04,Acme Clean Glass,3343 Adams Avenue,0
9664,Salon Bordeaux,Salon Bordeaux,2016-12-04,Acme Clean Glass,3393 Adams Avenue,1
9665,Intergrity Plus,Intergrity Plus,2016-12-04,Acme Clean Glass,3601 Adams Avenue,0
9666,Village Vino,Village Vino,2016-12-04,Acme Clean Glass,4095 Adams Avenue,0
9667,Clip Art Salon,Clip Art Salon,2016-12-04,Acme Clean Glass,4155 Adams Avenue,1
9668,Diesel Salon,Diesel Salon,2016-12-04,Acme Clean Glass,4222 Adams Avenue,1
9669,La Loupe Vintage,La Loupe Vintage,2016-12-04,Acme Clean Glass,3337 Adams Avenue,1
9670,La Loupe Vintage,La Loupe Vintage,2016-12-04,Acme Clean Glass,4646 Park Boulevard,0
9671,Cecillia's Fine Jewelry,Cecillia's Fine Jewelry,2016-12-04,Acme Clean Glass,4669 Park Boulevard,1
9676,Hydred's Birthday,Hydred's Birthday,2016-12-20,Acme Clean Glass,"4526 Illinois Street, APT 4A",1
9677,Rinse Salon,Rinse Salon,2017-01-27,Acme Clean Glass,4201 30th Street,1
9678,Rip Current Brewing,Rip Current Brewing,2017-02-03,Acme Clean Glass,4101 30th Street,1
9679,Wedding With Hydred,Wedding With Hydred,2017-02-27,Acme Clean Glass,1182 Prospect Street,0
9680,Chronic Tattoo,Chronic Tattoo,2017-03-23,Acme Clean Glass,1253 Garnet Avenue,0
9682,Hair Cut Rachel,Hair Cut Rachel,2017-03-29,Acme Clean Glass,,0
9683,Rachel (necktrim),Rachel (necktrim),2017-04-26,Acme Clean Glass,3076 Fifth Avenue,0
9684,Frock You,Frock You,2017-05-05,Acme Clean Glass,4121 Park Boulevard,0
9686,Frock You,Frock You,2017-05-19,Acme Clean Glass,Park Boulevard,0
9687,Hair Cut Rachel,Hair Cut Rachel,2017-05-27,Acme Clean Glass,,0
9688,Hair Cut Rachel,Hair Cut Rachel,2017-06-14,Acme Clean Glass,Fifth Avenue,0
9689,Chronic Tattoo,Chronic Tattoo,2017-06-14,Acme Clean Glass,,0
9690,Opulence Salon,Opulence Salon,2017-06-15,Acme Clean Glass,7520 La Jolla Boulevard,0
9691,Jo's Diner,Jo's Diner,2017-08-02,Acme Clean Glass,807 West Washington Street,1
9692,Thread & Seed (Bankers Hill),Thread & Seed (Bankers Hill),2017-08-30,Acme Clean Glass,2870 Fourth Avenue,1
9693,Home Care of La Jolla,Home Care of La Jolla,2017-09-07,Acme Clean Glass,5762 La Jolla Boulevard,1
9694,Be Seen Optics,Be Seen Optics,2017-09-07,Acme Clean Glass,5702 La Jolla Boulevard,0
9695,Konrad King,Konrad King,2017-09-12,Acme Clean Glass,3426 Adams Avenue,0
9696,Pop Pie Company,Pop Pie Company,2017-10-06,Acme Clean Glass,4404 Park Boulevard,1
9697,The Book Catapult,The Book Catapult,2017-10-20,Acme Clean Glass,3010 Juniper Street,1
9698,Community Realty Co.,Community Realty Co.,2017-10-20,Acme Clean Glass,2225 30th Street,1
9699,Salon on 30th,Salon on 30th,2017-10-20,Notify - 3 days,2225 30th Street,0
9700,Thread & Seed (South Park),Thread & Seed (South Park),2017-11-01,Acme Clean Glass,2220 Fern Street,1
9701,The Gensler Group,The Gensler Group,2017-11-09,Acme Clean Glass,120 C Avenue,1
9703,Gold Leaf,Gold Leaf,2017-11-17,Acme Clean Glass,2225 30th Street,1
9704,Salon1745,Salon1745,2018-01-11,Acme Clean Glass,2814 Adams Avenue,0
9706,Randy (video-ographer),Randy (video-ographer),2018-02-16,Acme Clean Glass,,0
9709,Wash windows,Wash windows,2018-07-28,Acme Clean Glass,30th Street,0
9710,Studio Barre Mission Hills,Studio Barre Mission Hills,2018-08-16,Notify - 3 days,321 West Washington Street,0
9711,Hair Drezzers on Fire,Hair Drezzers on Fire,2018-10-10,Acme Clean Glass,3463 Adams Avenue,0
9712,Koi,Koi,2018-10-22,Acme Clean Glass,5632 La Jolla Boulevard,1
9715,Bark house,Bark house,2018-11-14,Acme Clean Glass,Washington Street,0
9717,La Jolla Golf Carts,La Jolla Golf Carts,2018-11-15,Acme Clean Glass,7512 La Jolla Boulevard,1
9718,Andrew Pilates,Andrew Pilates,2018-12-14,Acme Clean Glass,Washington Street,0
9719,red house,red house,2019-01-03,Acme Clean Glass,Park Boulevard,0
9720,Eclipse Chocolate,Eclipse Chocolate,2019-02-08,Acme Clean Glass,2145 Fern Street,0
9721,Kairoa Brewing Company,Kairoa Brewing Company,2019-03-07,Acme Clean Glass,4601 Park Boulevard,0
9722,The Law Office of Terry J. Chapko,The Law Office of Terry J. Chapko,2019-07-09,Acme Clean Glass,120 C Avenue,0
9723,"Jean Farbod DDS, Inc","Jean Farbod DDS, Inc",2019-07-09,Acme Clean Glass,120 C Avenue,1
9726,Belle Sirene,Belle Sirene,2019-09-11,Acme Clean Glass,7838 Herschel Avenue,1
9727,Communal Coffee South Park,Communal Coffee South Park,2019-09-20,Acme Clean Glass,2335 University Avenue,0
9728,Babycakes,Babycakes,2019-12-13,Acme Clean Glass,3795 Fourth Avenue,1
9729,Thai Time,Thai Time,2020-02-03,Acme Clean Glass,4102 30th Street,1
9730,Perry's Cafe,Perry's Cafe,2020-02-06,Acme Clean Glass,4620 Pacific Highway,1
9731,BARKHOUSE,BARKHOUSE,2020-02-17,Acme Clean Glass,323 West Washington Street,0
9732,M-Theory Records,M-Theory Records,2020-03-03,Acme Clean Glass,827 West Washington Street,0
9733,Meraki Cafe,Meraki Cafe,2020-03-09,Notify - 3 days,1735 Adams Avenue,0
9734,American Assistance,American Assistance,2020-06-19,Acme Clean Glass,624 University Avenue,0
9735,Communal Coffee South Park,Communal Coffee South Park,2020-06-22,Acme Clean Glass,2221 Fern Street,0
9736,Communal Coffee North Park,Communal Coffee North Park,2020-06-22,Acme Clean Glass,2335 University Avenue,0
9737,Ray Street Custom Framing,Ray Street Custom Framing,2020-06-26,Acme Clean Glass,3807 Ray Street,1
9738,Salon Ink,Salon Ink,2020-09-02,Acme Clean Glass,3957 Goldfinch Street,0
9739,Essential Medicine,Essential Medicine,2020-09-03,Acme Clean Glass,7522 La Jolla Boulevard,0
9740,Antique Row Cafe,Antique Row Cafe,2020-09-03,Acme Clean Glass,3002 Adams Avenue,0
9741,Antique Row Cafe,Antique Row Cafe,2020-09-03,Acme Clean Glass,3002 Adams Avenue,0
9742,Cal-Coast Bicycles,Cal-Coast Bicycles,2020-09-04,Acme Clean Glass,3020 Adams Avenue,0
9744,Salon on First,Salon on First,2020-09-08,Acme Clean Glass,1134 1st Street,1
9745,Blacktree Barberia,Blacktree Barberia,2020-09-18,Acme Clean Glass,2227 Fern Street,0
9746,Salon1745,Salon1745,2020-09-25,Acme Clean Glass,1745 Adams Avenue,1
9747,Oggis,Oggis,2020-10-20,Acme Clean Glass,,0
9748,Studio Barre,Studio Barre,2020-12-23,Acme Clean Glass,5705 La Jolla Boulevard,0
9750,Elote Restaurant,Elote Restaurant,2021-03-29,,1760 East Valley Parkway,0
9760,Home Loan Advantage,Home Loan Advantage,2021-04-01,,717 Union Street,0
9764,Wells Fargo - Sports Arena,Wells Fargo - Sports Arena,2021-04-08,,3505 Sports Arena Boulevard,0
9769,Mullins Orthodonics,Mullins Orthodonics,2021-04-09,Notify - 3 days,1116 1st Street,1
9776,David's Mexican Food,David's Mexican Food,2021-04-13,,2451 Jamacha Road,0
9801,Greater Cleveland Regional Transit Authority,Greater Cleveland Regional Transit Authority,2021-05-11,,1240 West Sixth Street,0
9802,Chakarian & Assocs Inc,Chakarian & Assocs Inc,2021-05-13,,3971 Goldfinch Street,1
9819,Ashen Salon,Ashen Salon,2021-06-02,Notify - 3 days,6903 La Jolla Boulevard,1
9847,KEITH C. HENDERSON DDS APDC,KEITH C. HENDERSON DDS APDC,2021-06-29,,"16766 Bernardo Center Drive,",0
9850,Wells Fargo - UTC La Jolla,Wells Fargo - UTC La Jolla,2021-06-30,,4315 La Jolla Village Drive,0
9852,Agape Healing,Agape Healing,2021-07-02,,3813 Ray Street,0
9856,Window Magic,Window Magic,2021-07-03,,1940 Metcalf Street,1
9858,Wells Fargo - Mira Mesa,Wells Fargo - Mira Mesa,2021-07-08,,10707 Camino Ruiz,0
9863,Wells Fargo - Black Mountain Rd,Wells Fargo - Black Mountain Rd,2021-07-10,,"10788 Black Mountain Rd, Floor 04",0
9864,Wells Fargo - Prospect La Jolla,Wells Fargo - Prospect La Jolla,2021-07-12,,888 Prospect Street,0
9878,Royal Oaks Senior Apartments,Royal Oaks Senior Apartments,2021-07-27,Three story residential,650 Woodward Street,0
9883,Klass Pet Salon,Klass Pet Salon,2021-07-31,,2250 South Escondido Boulevard,0
9887,Farmers Insurance,Farmers Insurance,2021-08-03,,979 Woodland Parkway Ste 104,0
9905,Fifth Ave Owners Association,Fifth Ave Owners Association,2021-09-19,,350 West 5th Avenue,0
9907,Jose work in office,Jose work in office,2021-09-22,,,1
9911,California Funeral Alternatives,California Funeral Alternatives,2021-09-24,Notify - 2 weeks,1020 East Pennsylvania Avenue,1
9919,Mercer Group,Mercer Group,2021-10-04,Notify - 3 days,4071 Adams Avenue,1
9920,Westminster Seminary,Westminster Seminary,2021-10-05,Notify - 3 days,1725 Bear Valley Parkway,1
9922,Science Fitness,Science Fitness,2021-10-15,storefront,4228 Adams Avenue,0
9944,Wells Fargo - El Centro,Wells Fargo - El Centro,2021-11-21,,1200 Main St,0
9962,Jay  Alexander Commercial Building,Jay  Alexander Commercial Building,2021-12-23,,2325 Auto Park Way,0
9968,Moosies Icecream,Moosies Icecream,2022-01-12,,4073 Adams Avenue,1
9981,Marco's Jewelry,Marco's Jewelry,2022-02-16,storefront,7951 Broadway,1
9991,Louziana Food,Louziana Food,2022-02-24,,7128 Miramar Road,0
9992,Sew Pro's,Sew Pro's,2022-02-24,,2484 C Vista Way,1
9993,Tio Leos,Tio Leos,2022-02-25,,5302 Napa Street,1
10027,Wells Fargo - Clairemont dr,Wells Fargo - Clairemont dr,2022-05-11,,4727 Clairemont Drive,0
10042,Awakening Counseling Center,Awakening Counseling Center,2022-05-26,,2729 Fourth Avenue,0
10071,Huckleberry 's Breakfast and Lunch,Huckleberry 's Breakfast and Lunch,2022-07-12,Notify - 3 days,1260 Auto Park Way,1
10074,Wells Fargo - La Jolla (Inside Ralphs),Wells Fargo - La Jolla (Inside Ralphs),2022-07-16,,8657 Villa La Jolla Dr,0
10076,Wells Fargo - Scripps Ranch,Wells Fargo - Scripps Ranch,2022-07-19,,9996 Scripps Ranch Boulevard,0
10085,The Dance Academy Del Mar,The Dance Academy Del Mar,2022-08-06,Notify - 3 days,12843 El Camino Real,1
10112,Windansea Pilates,Windansea Pilates,2022-10-03,Notify - 3 days,504 Nautilus Street,1
10114,Wayne Tyler,Wayne Tyler,2022-10-07,,,0
10127,OLYMPIC COATINGS,OLYMPIC COATINGS,2022-11-11,,1445 SIMPSON WAY,0
10134,Blum & Clark Accountancy Group,Blum & Clark Accountancy Group,2022-11-30,Notify - 3 days,9252 Chesapeake Drive,0
10136,Pop Pie Commissary Kitchen,Pop Pie Commissary Kitchen,2022-12-06,,4445 Clairemont Mesa Boulevard,0
